{
 "Regular_lever": {
  "level_support_size": [
   0.06244897959183675,
   0.18999999999999997,
   0.10040816326530606
  ],
  "level_support_seperation": [
   0.02897959183673469
  ],
  "level_handle_size": [
   0.19632653061224484,
   0.6520408163265307,
   0.07877551020408165
  ],
  "level_handle_offset": [
   -0.10387755102040817
  ],
  "level_handle_rotation": [
   17.183673469387756
  ],
  "position": [
   4.0816326530612245e-05,
   0.007816326530612249,
   -0.001510204081632653
  ],
  "rotation": [
   -1.0000000000000002,
   -6.736734693877551,
   -19.983673469387753
  ]
 },
 "Curved_jaw": {
  "size": [
   0.44552631578947377,
   0.35894736842105257,
   0.27921052631578946
  ],
  "rotation": [
   -0.4894736842105263,
   -8.284210526315789,
   -23.53157894736842
  ],
  "jaw_separation": [
   0.09341880005770005
  ],
  "position": [
   -0.0004210526315789474,
   0.0616775695250499,
   -0.0038947368421052638
  ],
  "jaw_rotation": [
   -30.736842105263158
  ],
  "central_angle": [
   84.73684210526316
  ]
 },
 "Regular_jaw": {
  "size": [
   1.01,
   0.23,
   0.06
  ],
  "rotation": [
   -12.7,
   0.0,
   0.0
  ],
  "jaw_separation": [
   0.044574692158669244
  ],
  "position": [
   0.01,
   0.11825289159640391,
   0.0
  ],
  "jaw_rotation": [
   3.0
  ]
 }
}