{
 "Cuboidal_Base": {
  "number_of_box": [
   1.6037735849056605
  ],
  "size_0": [
   0.4441647547169812,
   0.5927773584905659,
   0.2594040377358489
  ],
  "size_1": [
   0.42819320754716994,
   0.11351377358490566,
   0.292052716981132
  ],
  "offset_1": [
   -0.001475566037735849,
   0.038734150943396224,
   0.0008916622641509435
  ],
  "position": [
   0.0008530000000000002,
   0.11059811320754717,
   -0.04192377358490566
  ],
  "rotation": [
   1.9377358490566035,
   -3.249056603773585,
   -0.07547169811320756
  ]
 },
 "Curved_Spout": {
  "R": [
   0.07643086419753087
  ],
  "L": [
   0.19162962962962965
  ],
  "bottom0": [
   -0.005091358024691357,
   -0.0245679012345679,
   -0.10925432098765431
  ],
  "bottom1": [
   0.00012345679012345677,
   0.6356666666666666,
   0.03044444444444444
  ],
  "center": [
   -0.01151851851851852,
   -0.03448765432098766,
   0.45947407407407415
  ],
  "position": [
   -0.009252975308641975,
   -0.17317930864197534,
   -0.062118148148148165
  ],
  "spout_rotation": [
   147.1358024691358
  ],
  "rotation": [
   12.010864197530864,
   -12.733333333333333,
   -5.325308641975309
  ]
 },
 "RotaryX_Switch": {
  "existence_of_switch": [
   0.6666666666666666,
   0.8888888888888888
  ],
  "main_size_1": [
   0.09966666666666665,
   0.2620711111111111
  ],
  "main_size_2": [
   0.05433333333333334,
   0.1327222222222222
  ],
  "sub_size": [
   0.07494444444444445,
   0.3465614444444444,
   0.07161111111111111
  ],
  "number_of_sub": [
   1.5555555555555556
  ],
  "sub_offset": [
   0.002055555555555556
  ],
  "tilt_angle": [
   -0.05555555555555555
  ],
  "rotation0": [
   0.0
  ],
  "rotation1": [
   -0.05555555555555555
  ],
  "position": [
   -0.011677777777777778,
   -0.37842488888888887,
   -0.14786666666666667
  ],
  "interval":
   0.20842222222222223,
  "rotation": [
   0.0,
   0.0,
   0.0
  ],
  "offset_x": [
   -0.019444444444444445,
   -0.049666666666666665
  ]
 },
 "ShowerRose_Spout": {
  "R": [
   0.0948686274509804
  ],
  "position0": [
   0.0007764705882352937,
   -0.09964803921568628,
   -0.04001960784313726
  ],
  "position1": [
   -0.003509803921568627,
   0.04186274509803922,
   0.6269019607843138
  ],
  "position2": [
   0.00041176470588235274,
   -0.18527450980392157,
   0.12823529411764703
  ],
  "showerHead_size": [
   0.13564705882352945,
   0.07558823529411766,
   0.1446078431372549
  ],
  "showerHead_offset": [
   -0.0029411764705882353,
   0.01254901960784314,
   -0.0020980392156862743
  ],
  "position": [
   6.862745098039195e-05,
   0.13776470588235296,
   -0.1857294117647059
  ],
  "showerHead_rotation": [
   8.926470588235293
  ],
  "rotation": [
   33.974901960784315,
   13.922352941176474,
   -8.613529411764706
  ],
  "has_showerHead": [
   0.49019607843137253
  ]
 },
 "Lever_Switch": {
  "size": [
   0.1582727272727273,
   0.18827272727272726
  ],
  "R": [
   0.06345454545454544
  ],
  "position0": [
   0.007545454545454546,
   -0.03272727272727272,
   -0.14863636363636365
  ],
  "position1": [
   0.009090909090909092,
   0.13636363636363635,
   0.06090909090909091
  ],
  "position2": [
   -0.011363636363636364,
   0.1481818181818182,
   0.39227272727272733
  ],
  "position": [
   0.024090909090909093,
   0.03127272727272727,
   -0.12927272727272723
  ],
  "rotation": [
   23.727272727272727,
   -1.9636363636363632,
   18.736363636363635
  ]
 },
 "Cuboidal_Spout": {
  "main_part_size": [
   0.2982291666666666,
   0.1958291666666667,
   0.9664791666666664
  ],
  "head_size": [
   0.1036041666666667,
   0.10625625000000001
  ],
  "head_offset": [
   -0.0006250000000000002,
   0.04412499999999999,
   -0.006416666666666664
  ],
  "rotation_mainpart": [
   9.445833333333333
  ],
  "rotation_head": [
   -12.59375
  ],
  "position": [
   0.00585625,
   0.046572916666666665,
   -0.099771875
  ],
  "rotation": [
   24.618750000000002,
   -3.760416666666666,
   -11.58625
  ]
 },
 "HandleY_Switch": {
  "number_of_cube": [
   2.75
  ],
  "number_of_switch": [
   1.8214285714285714
  ],
  "bottom_size": [
   0.3213140714285713,
   0.09762246428571429,
   0.2921103571428571
  ],
  "middle_size": [
   0.1574202857142857,
   0.3394592142857143,
   0.118452
  ],
  "bottom_middle_offset": [
   0.0005897857142857145,
   0.006612285714285715
  ],
  "offset_0_x": [
   -0.4376099285714285
  ],
  "offset_1_x": [
   0.47646707142857136
  ],
  "offset_yz": [
   0.10793414285714285,
   -0.09269678571428572
  ],
  "position": [
   0.0029360357142857144,
   -0.4909510714285714,
   -0.00044892857142857137
  ],
  "top_size": [
   0.3963571428571429,
   0.0685,
   0.1345357142857143
  ],
  "bottom_top_offset": [
   -0.11339285714285714,
   0.0135
  ],
  "rotation": [
   3.257142857142857,
   -6.2,
   0.0
  ]
 },
 "RegularY_Switch": {
  "size": [
   0.16183636363636364,
   0.29375818181818175
  ],
  "sub_size": [
   0.0484909090909091,
   0.46105454545454533
  ],
  "sub_offset": [
   0.04696363636363637,
   -0.06461818181818181
  ],
  "rotation_Y": [
   1.4727272727272727
  ],
  "rotation_X": [
   -1.1
  ],
  "sub_rotation": [
   10.263636363636364
  ],
  "position": [
   0.005136363636363637,
   0.2173781818181819,
   -0.11158000000000001
  ],
  "rotation": [
   36.11309090909091,
   -3.4392727272727277,
   -20.314363636363634
  ]
 },
 "Cylindrical_Base": {
  "number_of_cylinder": [
   1.7615894039735098
  ],
  "size_0": [
   0.1455682119205298,
   0.741577311258278
  ],
  "size_1": [
   0.16746026490066238,
   0.17627814569536418
  ],
  "offset_1": [
   -2.6490066225165592e-05,
   0.008464609271523179,
   -0.0015231788079470199
  ],
  "position": [
   -0.00702913907284768,
   0.12820845033112585,
   -0.028997350993377476
  ],
  "rotation": [
   14.654834437086093,
   -10.12185430463576,
   -3.9151655629139084
  ]
 },
 "Quadfold_Spout": {
  "R": [
   0.05625000000000001
  ],
  "position0": [
   -6.25e-05,
   -0.10406250000000002,
   -0.03225
  ],
  "position1": [
   0.00025,
   0.272125,
   0.042499999999999996
  ],
  "position2": [
   -0.0163125,
   0.3140625,
   0.469375
  ],
  "position3": [
   -0.000875,
   0.04281250000000001,
   0.32725000000000004
  ],
  "position4": [
   0.000375,
   -0.1925,
   0.075625
  ],
  "position": [
   0.00634375,
   0.011562500000000007,
   -0.10378125
  ],
  "rotation": [
   0.0,
   0.0,
   0.0
  ]
 },
 "RegularZ_Switch": {
  "size": [
   0.146525,
   0.40280000000000005
  ],
  "sub_size": [
   0.038450000000000005,
   0.3398
  ],
  "sub_offset": [
   0.10107,
   -0.0454
  ],
  "rotation_Z": [
   -4.575
  ],
  "rotation_X": [
   4.425
  ],
  "sub_rotation": [
   0.525
  ],
  "position": [
   -0.016170000000000004,
   -0.41755000000000003,
   -0.29484999999999995
  ],
  "rotation": [
   29.494,
   -27.53,
   -6.6375
  ]
 },
 "Trifold_Spout": {
  "R": [
   0.06622727272727275
  ],
  "position0": [
   -0.018272727272727274,
   -0.030954545454545453,
   -0.07136363636363635
  ],
  "position1": [
   -0.0023636363636363638,
   0.7939090909090908,
   0.025863636363636366
  ],
  "position2": [
   -0.05204545454545455,
   0.11918181818181815,
   0.7970454545454545
  ],
  "position3": [
   0.0,
   -0.2559090909090909,
   0.06531818181818182
  ],
  "position": [
   -0.0031772727272727295,
   -0.14604545454545456,
   -0.08670454545454546
  ],
  "rotation": [
   11.981818181818182,
   -14.477272727272727,
   2.9545454545454546
  ]
 },
 "RegularX_Switch": {
  "size": [
   0.11354594594594594,
   0.3333783783783784
  ],
  "sub_size": [
   0.033543243243243245,
   0.3189243243243243
  ],
  "sub_offset": [
   0.08774324324324323,
   -0.018743243243243245
  ],
  "rotation_X": [
   -6.116486486486487
  ],
  "rotation_Z": [
   -3.135135135135135
  ],
  "sub_rotation": [
   4.797297297297297
  ],
  "position": [
   -0.013764864864864867,
   -0.3944864864864866,
   -0.20443783783783775
  ],
  "rotation": [
   8.327027027027027,
   -23.829729729729728,
   -4.043243243243243
  ]
 },
 "Cuboidal_Switch": {
  "size": [
   0.353125,
   0.27956250000000005,
   0.35218750000000004
  ],