{
 "Trapezoidal_Glasses": {
  "size": [
   0.5512236842105264,
   0.4386184210526316,
   0.35406578947368433,
   0.02455657894736843
  ],
  "interval": [
   0.12716447368421052
  ],
  "glass_rotation": [
   9.882894736842106,
   0.9328947368421051
  ],
  "position": [
   -0.0036980263157894745,
   -0.013143421052631587,
   0.1566342105263158
  ],
  "rotation": [
   37.17236842105264,
   36.57986842105263,
   -30.117894736842107
  ],
  "top_offset": [
   -0.03219736842105263
  ]
 },
 "Regular_Leg": {
  "size1": [
   0.028307246376811594,
   0.07937101449275359,
   0.7697347826086958
  ],
  "size2": [
   0.026927536231884056,
   0.058043478260869565,
   0.43598260869565214
  ],
  "rotation_1": [
   3.1879710144927538,
   -2.7284057971014493
  ],
  "rotation_2": [
   21.91014492753623,
   -11.710144927536232
  ],
  "offset_x": [
   0.034665159804303125
  ],
  "position": [
   -0.006912318840579709,
   0.09752753623188407,
   0.17786231884057976
  ],
  "rotation": [
   32.41884057971015,
   3.643333333333333,
   -37.74434782608696
  ],
  "glass_interval":
   [1.202735576463619]

 },
 "Standard_Connector": {
  "size": [
   0.1556333333333334,
   0.06118611111111107,
   0.030455555555555538
  ],
  "position": [
   -0.005745000000000001,
   0.08763888888888889,
   0.30287826502825915
  ],
  "rotation": [
   48.440000000000005,
   7.961333333333333,
   -47.95122222222223
  ]
 },
 "Standard_Support": {
  "size": [
   0.0711769230769231,
   0.13684615384615378,
   0.028765384615384616
  ],
  "support_rotation": [
   -16.80128205128205,
   70.26923076923077,
   6.448717948717949
  ],
  "position": [
   -0.005935897435897434,
   -0.038432051282051266,
   0.26324238079804463
  ],
  "rotation": [
   64.14999999999999,
   22.610256410256408,
   -64.1525641025641
  ],
  "offset_x": [
   0.09508333333333334
  ]
 },
 "Round_Glasses": {
  "size": [
   0.24370000000000003,
   0.22210000000000002,
   0.027129999999999998
  ],
  "interval": [
   0.1619
  ],
  "glass_rotation": [
   2.7,
   -3.3
  ],
  "position": [
   0.0075499999999999986,
   0.00020000000000000017,
   0.1367
  ],
  "rotation": [
   23.740000000000002,
   -24.407999999999998,
   -20.619999999999997
  ]
 },
 "Trifold_Leg": {
  "size1": [
   0.027100000000000016,
   0.05672999999999998,
   0.8344999999999999
  ],
  "size2": [
   0.030620000000000012,
   0.0526,
   0.47798
  ],
  "rotation_1": [
   5.9666,
   -0.7753999999999999
  ],
  "rotation_2": [
   25.754,
   -19.772000000000002
  ],
  "connector_size": [
   0.07636000000000001,
   0.05937999999999999,
   0.04972000000000003
  ],
  "offset_x": [
   -0.011465904683573025
  ],
  "position": [
   -0.001348,
   0.07357999999999999,
   0.16652999999999996
  ],
  "rotation": [
   65.42000000000002,
   33.418,
   -55.074
  ],
  "glass_interval":
   [1.2287530848538]

 },
 "Dual_Connector": {
  "size_1": [
   0.3077777777777778,
   0.0133,
   0.01058888888888889
  ],
  "offset_1": [
   -0.0003333333333333333,
   0.17788888888888887,
   -0.009411111111111111
  ],
  "size_2": [
   0.14200000000000002,
   0.015100000000000002,
   0.013255555555555557
  ],
  "offset_2": [
   -0.0031111111111111114,
   0.10776666666666665,
   -0.017
  ],
  "position": [
   -0.007222222222222223,
   -0.003333333333333333,
   0.2658938108180805
  ],
  "rotation": [
   34.955555555555556,
   75.61111111111111,
   -36.44444444444444
  ]
 },
 "RoundFrame_Glasses": {
  "size": [
   0.2723333333333333,
   0.26755555555555555,
   0.05211111111111111
  ],
  "interval": [
   0.13222222222222224
  ],
  "width": [
   0.04722222222222222
  ],
  "glass_rotation": [
   4.222222222222222,
   0.0
  ],
  "position": [
   0.004000000000000001,
   0.0071111111111111115,
   0.2251111111111111
  ],
  "rotation": [
   63.07777777777778,
   11.2,
   -79.54444444444444
  ]
 },
 "TrapezoidalFrame_Glasses": {
  "size": [
   0.6214583333333334,
   0.45041666666666663,
   0.4304166666666667,
   0.04475000000000001
  ],
  "interval": [
   0.07791666666666668
  ],
  "width": [
   0.04045833333333334
  ],
  "glass_rotation": [
   9.0,
   1.4583333333333333
  ],
  "position": [
   -0.012333333333333335,
   -0.021875000000000006,
   0.26858333333333334
  ],
  "rotation": [
   78.23750000000001,
   -29.770833333333332,
   -89.45833333333333
  ],
  "top_offset": [
   -0.010416666666666666
  ]
 }
}