{
 "Symmetrical_body": {
  "size": [
   1.7111111111111112,
   0.25,
   0.06722222222222224
  ],
  "left_right_offset": [
   0.0011111111111111111
  ],
  "rotation": [
   -88.56666666666666,
   -80.0,
   -10.4
  ],
  "position": [
   -0.005444444444444442,
   0.5304444444444444,
   0.0013333333333333337
  ],
  "body_rotation": [
   45.55555555555556
  ],
  "separation": [
   -0.08499999999999999
  ]
 },
 "Regular_shaft": {
  "size": [
   0.10800000000000003,
   0.058000000000000024
  ],
  "position": [
   -0.050600000000000006,
   0.5349333333333334,
   -0.0032
  ],
  "rotation": [
   -90.87333333333332,
   -83.94,
   -6.36
  ]
 },
 "Asymmetrical_body": {
  "left_size": [
   1.4591666666666667,
   0.22249999999999995,
   0.049999999999999996
  ],
  "right_size": [
   1.7316666666666667,
   0.22583333333333333,
   0.049999999999999996
  ],
  "left_right_offset": [
   0.0
  ],
  "rotation": [
   -94.33333333333333,
   -89.85000000000001,
   -0.30000000000000004
  ],
  "position": [
   -0.11833333333333336,
   0.4908333333333334,
   -0.008333333333333333
  ],
  "body_rotation": [
   45.166666666666664
  ],
  "separation": [
   -0.05916666666666667
  ]
 }
}