{
 "Cylindrical_Body": {
  "outer_size": [
   0.5884615384615384,
   0.47100000000000003,
   1.1476923076923078
  ],
  "inner_size": [
   0.5480769230769231,
   0.4432692307692307,
   1.1084615384615386
  ],
  "position": [
   0.0007115384615384616,
   -0.008634615384615383,
   -0.004826923076923076
  ],
  "rotation": [
   -0.19230769230769232,
   -0.007692307692307693,
   0.0
  ]
 },
 "Prismatic_Body": {
  "outer_size": [
   0.5884615384615384,
   0.47100000000000003,
   1.1476923076923078
  ],
  "inner_size": [
   0.5480769230769231,
   0.4432692307692307,
   1.1084615384615386
  ],
  "position": [
   0.0007115384615384616,
   -0.008634615384615383,
   -0.004826923076923076
  ],
  "rotation": [
   -0.19230769230769232,
   -0.007692307692307693,
   0.0
  ]
 },
 "Round_U_Handle": {
  "inner_radius": [
   0.012857142857142855
  ],
  "vertical_separation": [
   1.0292857142857144
  ],
  "vertical_length": [
   0.24500000000000005
  ],
  "rotation": [
   33.0,
   0.6857142857142857,
   0.0
  ],
  "position": [
   -0.009993389578026046,
   0.5600330068339777,
   -0.0028937387079595064
  ]
 },
 "Flat_U_Handle": {
  "vertical_size": [
   0.028333333333333335,
   0.2833333333333333,
   0.085
  ],
  "vertical_separation": [
   1.21
  ],
  "rotation": [
   100.33333333333333,
   0.0,
   0.0
  ],
  "position": [
   0.020666666666666667,
   0.3795,
   -0.0305
  ]
 },
 "Single_Cylinder": {
  "size": [
   0.5275,
   0.12
  ],
  "rotation": [
   0.0,
   0.0,
   0.0
  ],
  "position": [
   0.006999999999999999,
   0.44675,
   -0.008875
  ]
 },
 "Curved_Handle": {
  "radius": [
   0.6359999999999999,
   0.012000000000000002
  ],
  "rotation": [
   57.06666666666667,
   7.133333333333334,
   -5.266666666666667
  ],
  "exist_angle": [
   190.8
  ],
  "position": [
   0.0014333333333333331,
   0.46716666666666673,
   0.045200000000000004
  ]
 },
 "Trifold_Handle": {
  "vertical_length": [
    0.6359999999999999,
    0.6359999999999999
  ],
  "vertical_thickness": [
    0.012000000000000,
    0.012000000000000
  ],
  "horizontal_thickness": [
    0.012000000000000,
    0.012000000000000
  ],
  "vertical_rotation": [
    0.00,
    0.00
  ]
 }
}