{
 "Cuboidal_Body": {
  "size": [
   0.075,
   1.35,
   0.075
  ],
  "thickness": [
  0.18,
   0.18,
   0.18,
   0.18,
   0.18
  ],
  "position": [
   0.0,
   0.2370666666666667,
   -0.0033333333333333335
  ],
  "rotation": [
   -0.013333333333333334,
   0.0,
   0.04
  ]
 },
 "Cuboidal_Door": {
  "size": [
   0.075,
   1.17,
   0.75
  ],
  "position": [
   1,
   -1,
   -0.0027205026344564883
  ],
  "rotation": [
   -0.042105263157894736,
   -6.178947368421053,
   0.12631578947368421
  ]
 },
 "Sunken_Door": {
  "size": [
   0.1,
   0.075,
   0.05625
  ],
  "sunken_size": [
   0.25,
   0.0675,
   0.050625
  ],
  "sunken_offset": [
   0
  ],
  "position": [
   -0.0003185512904088634,
   0.14213244527624333,
   0.058101566731409544
  ],
  "rotation": [
   -0.023529411764705882,
   -3.4529411764705884,
   68.8941176470588
  ]
 },
 "Cuboidal_Handle":{
  "size": [
   0.21,
   0.1,
   0.1
  ],
    "position": [
   -0.0003185512904088634,
   0.14213244527624333,
   0.058101566731409544
  ],
  "rotation": [
   0.0,
   0.0,
   0.0
  ]
 },
 "Trifold_Handle": {
  "mounting_size": [
   0.075,
   0.135,
   0.075
  ],
  "mounting_seperation": [
   0.0
  ],
  "grip_size": [
   0.0,
   0.0,
   0.0
  ],
  "position": [
  -0.0003185512904088634,
   0.14213244527624333,
   0.058101566731409544
  ],
  "rotation": [
   0.0,
   0.0,
   0.0
  ]
 },
"Trifold_Curve_Handle": {
 "mounting_size": [
   0.075,
   0.135,
   0.075
  ],
  "mounting_seperation": [
   0
  ],
 "curve_size": [
  1.38,
  1.32,
  0
 ],
 "curve_exist_angle": [
  155
 ],
 "position": [
   -0.0003185512904088634,
   0.14213244527624333,
   0.058101566731409544
  ],
  "rotation": [
   -0.023529411764705882,
   -3.4529411764705884,
   68.8941176470588
  ]
 },
 "Curve_Handle": {
  "curve_size": [
  1.38,
  1.32,
  0
 ],
 "curve_exist_angle": [
  155
 ],
 "position": [
   -0.0003185512904088634,
   0.14213244527624333,
   0.058101566731409544
  ],
  "rotation": [
   -0.023529411764705882,
   -3.4529411764705884,
   68.8941176470588
  ]
},
 "Controller_With_Button": {
"bottom_size": [
 0.0,
 0.0,
 0.0
],
"button_1_size": [
 0,
 0,
 0
],
  "button_2_size": [
 0,
 0,
 0
],
  "button_3_size": [
 0,
 0,
 0
],
  "button_4_size": [
 0,
 0,
 0
],
  "num_buttons": [
   2
  ],
  "button_1_offset": [
   0,
   0
  ],
  "button_2_offset": [
   0,
   0
  ],
  "button_3_offset": [
   0,
   0
  ],
  "button_4_offset": [
   0,
   0
  ],
  "position": [
   -0.0003185512904088634,
   0.14213244527624333,
   0.058101566731409544
  ],
  "rotation": [
   -0.023529411764705882,
   -3.4529411764705884,
   68.8941176470588
  ]
 },
 "Cylindrical_Tray": {
  "size": [
   0,
   0,
   0
  ],
  "position": [
   -0.0003185512904088634,
   0.14213244527624333,
   0.058101566731409544
  ],
  "rotation": [
   -0.023529411764705882,
   -3.4529411764705884,
   68.8941176470588
  ]
 }
}



