{
 "Multilevel_Body": {
  "num_levels": [
   3
  ],
  "level_1_size": [
   0.3230497487437184,
   0.890251256281407,
   0.3043994974874369
  ],
  "level_2_size": [
   0.23916331658291456,
   0.35589949748743727
  ],
  "level_3_size": [
   0.20994723618090422,
   0.2711482412060297
  ],
  "level_4_size": [
   0.34428768844221075,
   0.27212814070351665
  ],
  "position": [
   -0.0005547738693467341,
   -0.2801959798994974,
   0.0004
  ],
  "rotation": [
   0.008542713567839196,
   0.10804020100502512,
   -0.0005025125628140703
  ]
 },
 "Cylindrical_Lid": {
  "outer_size": [
   0.1601896551724138,
   0.16894827586206893,
   0.16507186781609187
  ],
  "inner_size": [
   0.14964626436781608,
   0.1573620689655173,
   0.15335635057471267
  ],
  "position": [
   -0.00029368285685290116,
   0.8873634344889051,
   0.0004240357540085109
  ],
  "rotation": [
   0.009770114942528737,
   0.11839080459770114,
   -0.0005747126436781608
  ]
 }
}