{
 "Multilevel_Body": {
  "num_levels": [
   2
  ],
  "level_1_bottom_radius": [
   0.4233333333333334,
   0.32833333333333325
  ],
  "level_1_top_radius": [
   0.526851851851852,
   0.44333333333333325
  ],
  "level_1_height": [
   0.38703703703703707,
   0.3051851851851851
  ],
  "level_2_top_radius": [
   0.5501851851851852,
   0.47870370370370374
  ],
  "level_2_height": [
   0.8453703703703707
  ],
  "level_3_top_radius": [
   0.49629629629629624,
   0.40333333333333343
  ],
  "level_3_height": [
   0.3918518518518519
  ],
  "level_4_top_radius": [
   0.49703703703703705,
   0.397777777777778
  ],
  "level_4_height": [
   0.3933333333333334
  ],
  "position": [
   -0.0007777777777777777,
   -0.44155555555555553,
   -0.04477777777777779
  ],
  "rotation": [
   -0.044444444444444446,
   0.022222222222222275,
   0.08148148148148149
  ]
 },
 "Trifold_Handle": {
  "horizontal_length": [
   0.31792307692307686,
   0.3904000000000001
  ],
  "horizontal_thickness": [
   0.15076923076923074,
   0.09115384615384615
  ],
  "vertical_thickness": [
   0.1511538461538461,
   0.0910153846153846
  ],
  "horizontal_rotation": [
   -0.36923076923076925,
   -13.738461538461538
  ],
  "horizontal_separation": [
   0.8017692307692307
  ],
  "mounting_offset": [
   0.007076923076923077
  ],
  "position": [
   -0.002054937280440052,
   0.09246307692307691,
   0.49026657380744726
  ],
  "rotation": [
   0.0,
   -0.08000000000000003,
   0.0
  ]
 },
 "Cylindrical_Body": {
  "outer_size": [
   0.5683058823529411,
   0.5504235294117645,
   1.2453058823529415
  ],
  "inner_size": [
   0.5004705882352939,
   0.47911764705882354,
   1.1644235294117646
  ],
  "position": [
   -0.0004352941176470586,
   0.062312941176470585,
   -0.050905882352941134
  ],
  "rotation": [
   0.0,
   -0.1835294117647058,
   0.0
  ]
 },
 "Curved_Handle": {
  "radius": [
   0.4184081632653061,
   0.06846938775510202
  ],
  "rotation": [
   -0.4326530612244899,
   -0.20408163265306126,
   0.04489795918367347
  ],
  "central_angle": [
   183.18367346938774
  ],
  "position": [
   -0.004240744577540699,
   0.10842704188845965,
   0.5068305699986416
  ]
 },
 "Prismatic_Body": {
  "outer_size": [
   0.7030000000000001,
   0.653,
   1.331
  ],
  "inner_size": [
   0.601,
   0.5439999999999999,
   1.2510000000000001
  ],
  "rotation": [
   0.0,
   -0.04,
   0.0
  ],
  "position": [
   0.0008,
   0.0548,
   -0.054000000000000006
  ]
 },
 "Single_Cylinder": {
  "size": [
   0.6975,
   0.06887499999999999
  ],
  "position": [
   -0.0011250000000000003,
   -0.26187499999999997,
   -0.0335
  ],
  "rotation": [
   0.0,
   1.6750000000000003,
   0.0
  ]
 }
}