{
    "Regular_seat": {
     "size": [
      0.8421042780748663,
      0.15144839572192517,
      0.8297802139037435
     ],
     "position": [
      0.000102673796791444,
      -0.08650534759358292,
      0.12317058823529413
     ],
     "rotation": [
      -1.0310160427807487,
      -0.01229946524064171,
      0.008877005347593584
     ]
    },
    "Splat_back": {
     "main_horizontal_piece_size": [
      0.7558,
      0.18388000000000002,
      0.10240000000000002
     ],
     "main_vertical_piece_size": [
      0.0522,
      0.65904,
      0.056000000000000015
     ],
     "sub_vertical_piece_size": [
      0.06440000000000001,
      0.04479999999999999
     ],
     "main_vertical_separation": [
      0.6030000000000001
     ],
     "number_of_subs": [
      3.12
     ],
     "sub_offset": [
      -0.13316
     ],
     "interval_between_subs": [
      0.14752
     ],
     "rotation": [
      0.0,
      0.0,
      0.0
     ],
     "position": [
      -0.00018000000000000023,
      -0.05071199999999999,
      -0.2254
     ],
     "back_rotation": [
      -3.0
     ]
    },
    "Regular_leg": {
     "front_legs_size": [
      0.0895404255319149,
      0.5499255319148932,
      0.09871808510638298
     ],
     "rear_legs_size": [
      0.09677446808510637,
      0.5559787234042551,
      0.09150531914893614
     ],
     "number_of_legs": [
      3.925531914893617
     ],
     "legs_separation": [
      0.738313829787234,
      0.7159840425531919,
      0.6864999999999999
     ],
     "central_rotation": [
      0.0425531914893617
     ],
     "front_rotation": [
      -1.6691489361702128,
      -0.9787234042553191
     ],
     "rear_rotation": [
      4.170212765957447,
      -0.925531914893617
     ],
     "symmetry_mode": [
      0.9893617021276596
     ],
     "position": [
      0.002354255319148936,
      -0.1937970744680851,
      0.11013510638297878
     ],
     "rotation": [
      -0.5047872340425532,
      0.013829787234042561,
      0.017659574468085106
     ]
    },
    "Office_armrest": {
     "armrest_separation": [
      0.8108139534883723
     ],
     "rotation": [
      -2.166279069767442,
      0.0,
      0.0
     ],
     "position": [
      0.0024046511627906974,
      -0.06870348837209303,
      0.09680232558139534
     ],
     "horizontal_support_sizes": [
      0.07541860465116279,
      0.05634883720930234,
      0.6465581395348837
     ],
     "vertical_support_sizes": [
      0.05555813953488371,
      0.291953488372093,
      0.06646511627906974
     ],
     "supports_contact_offset": [
      0.22676744186046516
     ],
     "vertical_support_rotation": [
      -1.3953488372093024
     ],
     "horizontal_support_rotation": [
      0.32558139534883723
     ],
     "armrest_rotation": [
      1.2325581395348837
     ]
    },
    "Ladder_back": {
     "main_horizontal_piece_size": [
      0.7985333333333332,
      0.27080000000000004,
      0.08340000000000002
     ],
     "main_vertical_piece_size": [
      0.05220000000000001,
      0.47533333333333333,
      0.05293333333333335
     ],
     "sub_horizontal_piece_size": [
      0.06600000000000003,
      0.05400000000000002
     ],
     "main_vertical_separation": [
      0.6504666666666666
     ],
     "number_of_subs": [
      0.5333333333333333
     ],
     "sub_offset": [
      0.011333333333333332
     ],
     "interval_between_subs": [
      0.15266666666666664
     ],
     "rotation": [
      -1.0533333333333335,
      0.12000000000000001,
      0.0
     ],
     "position": [
      0.0005999999999999998,
      -0.0045666666666666685,
      -0.2391
     ],
     "back_rotation": [
      -1.8666666666666667
     ]
    },
    "Solid_back": {
     "size": [
      0.8287371900826445,
      0.7151900826446279,
      0.13177933884297516
     ],
     "rotation": [
      -1.2028925619834712,
      -0.06033057851239669,
      0.01322314049586777
     ],
     "position": [
      0.00012231404958677685,
      -0.00091694214876033,
      -0.29620454545454533
     ],
     "back_rotation": [
      -8.287603305785124
     ]
    },
    "Star_leg": {
     "vertical_sizes": [
      0.04558333333333333,
      0.487825
     ],
     "sub_sizes": [
      0.05541666666666666,
      0.07291666666666669,
      0.5029166666666667
     ],
     "number_of_sub_legs": [
      4.5
     ],
     "sub_central_offset": [
      0.01525
     ],
     "tilt_angle": [
      7.166666666666667
     ],
     "central_rotation": [
      20.0
     ],
     "horizontal_rotation": [
      1.0833333333333333
     ],
     "position": [
      -0.003775,
      -0.16633333333333333,
      0.12479166666666668
     ],
     "rotation": [
      -0.9666666666666667,
      0.0,
      0.0
     ]
    },
    "Solid_armrest": {
     "size": [
      0.15770512820512825,
      0.3819871794871794,
      0.8983846153846153
     ],
     "armrest_separation": [
      0.9795384615384617
     ],
     "rotation": [
      -0.40512820512820513,
      -0.06410256410256411,
      0.041025641025641026
     ],
     "position": [
      -0.00014102564102564085,
      -0.013762820512820509,
      0.0931846153846154
     ],
     "armrest_rotation": [
      1.7692307692307692,
      5.564102564102564
     ]
    },
    "Slat_back": {
     "main_vertical_piece_size": [
      0.15203703703703705,
      0.808037037037037,
      0.08811111111111114
     ],
     "sub_horizontal_piece_size": [
      0.42185185185185187,
      0.06448148148148149
     ],
     "main_vertical_separation": [
      0.7010370370370369
     ],
     "number_of_subs": [
      2.740740740740741
     ],
     "interval_between_subs": [
      0.15362962962962962
     ],
     "main_vertical_rotation": [
      -9.74074074074074
     ],
     "rotation": [
      -1.1648148148148147,
      0.11851851851851852,
      0.0022222222222222222
     ],
     "position": [
      -0.0007666666666666667,
      -0.04864166666666665,
      -0.22588888888888886
     ],
     "back_rotation": [
      -5.777777777777778
     ],
     "sub_horizontal_offset": [
      0.1545925925925926
     ]
    },
    "Regular_leg_with_splat": {
     "front_legs_size": [
      0.058123076923076895,
      0.6568153846153847,
      0.06201538461538461
     ],
     "rear_legs_size": [
      0.05897692307692305,
      0.6377384615384617,
      0.06369999999999996
     ],
     "legs_separation": [
      0.7502769230769231,
      0.725446153846154,
      0.742543076923077
     ],
     "central_rotation": [
      0.07692307692307693
     ],
     "front_rotation": [
      -3.769230769230769,
      -1.2461538461538462
     ],
     "rear_rotation": [
      7.153846153846154,
      -1.2615384615384615
     ],
     "position": [
      -0.0006584615384615386,
      -0.09590999999999998,
      0.0828615384615385
     ],
     "rotation": [
      -1.83,
      -0.05538461538461539,
      0.0
     ],
     "front_rear_bridging_bars_sizes": [
      0.06961538461538459,
      0.05260307692307691
     ],
     "left_right_bridging_bars_sizes": [
      0.04796923076923076,
      0.06678461538461536
     ],
     "front_rear_bridging_bars_offset": [
      0.10601538461538461,
      0.0839076923076923
     ],
     "left_right_bridging_bars_offset": [
      -0.0007538461538461515,
      0.008984615384615384
     ],
     "bridging_bars_existance": [
      0.6461538461538462,
      0.6153846153846154,
      0.7846153846153846,
      0.7846153846153846
     ]
    },
    "Round_seat": {
     "size": [
      0.37492307692307697,
      0.07738461538461539
     ],
     "position": [
      0.0019230769230769227,
      0.0266923076923077,
      0.10357692307692307
     ],
     "rotation": [
      0.0,
      0.0,
      0.0
     ]
    },
    "C_shaped_office_leg": {
     "vertical_leg_size": [
      0.125,
      0.6694411764705883,
      0.05982352941176471
     ],
     "vertical_leg_separation": [
      0.6711764705882353
     ],
     "vertical_leg_rotation": [
      4.0,
      0.23529411764705882
     ],