{
 "Cuboidal_Body": {
  "top_size": [
   1.1284,
   0.8686
  ],
  "bottom_size": [
   1.1284,
   0.8658
  ],
  "height": [
   0.6092
  ],
  "top_bottom_offset": [
   0.0,
   0.0012
  ],
  "thickness": [
   0.025200000000000004,
   0.02440000000000001,
   0.03000000000000001
  ],
  "position": [
   0.0033799999999999993,
   -0.09568000000000003,
   0.041839999999999995
  ],
  "rotation": [
   0.0,
   0.0,
   0.0
  ]
 },
 "Fourfold_Cover": {
  "has_cover": [
   1,
   1,
   1,
   1
  ],
  "front_behind_size": [
   0.9571428571428572,
   0.4489285714285714,
   0.017499999999999998
  ],
  "left_right_size": [
   0.023571428571428573,
   0.3710714285714286,
   0.8292857142857144
  ],
  "rotation": [
   0.0,
   0.0,
   0.0
  ],
  "cover_separation": [
   0.9303571428571429,
   0.9757142857142856
  ],
  "cover_rotation": [
   45.42857142857143,
   -53.785714285714285,
   44.42857142857143,
   -33.285714285714285
  ],
  "position": [
   0.005035714285714285,
   0.24535714285714286,
   0.030214285714285718
  ]
 },
 "Regular_Cover": {
  "inner_size": [
   1.2454545454545454,
   0.08863636363636364,
   0.7059090909090909
  ],
  "rotation": [
   -54.90909090909091,
   0.0,
   0.0
  ],
  "outer_size": [
   1.322272727272727,
   0.12636363636363637,
   0.776818181818182
  ],
  "position": [
   0.0012727272727272726,
   0.16254545454545458,
   -0.3260909090909091
  ]
 },
 "Cuboidal_Leg": {
  "front_legs_size": [
   0.065,
   0.0425,
   0.3925
  ],
  "rear_legs_size": [
   0.7350000000000001,
   0.0425,
   0.065
  ],
  "num_legs": [
   4
  ],
  "legs_separation": [
   1.4125,
   0.9425000000000001,
   0.16
  ],
  "position": [
   0.029,
   -0.36225,
   0.09350000000000001
  ],
  "rotation": [
   0.0,
   0.0,
   0.0
  ]
 }
}