{
 "Cuboidal_Body": {
  "size": [
   1.0625789473684208,
   1.2444736842105262,
   1.0003684210526314
  ],
  "thickness": [
   0.015421052631578952,
   0.022631578947368423,
   0.013947368421052635,
   0.011842105263157897,
   0.010526315789473684
  ],
  "position": [
   0.0005263157894736841,
   0.03921052631578948,
   -0.03918421052631579
  ],
  "rotation": [
   0.0,
   0.0,
   0.0
  ]
 },
 "Double_Layer_Body": {
  "size": [
   1.0625789473684208,
   1.2444736842105262,
   1.0003684210526314
  ],
  "thickness": [
   0.015421052631578952,
   0.022631578947368423,
   0.013947368421052635,
   0.011842105263157897,
   0.010526315789473684
  ],
  "clapboard_size":[
    0.1,
    0.1
  ],
  "clapboard_offset": [
    0.4
  ],
  "position": [
   0.0005263157894736841,
   0.03921052631578948,
   -0.03918421052631579
  ],
  "rotation": [
   0.0,
   0.0,
   0.0
  ]
 },
 "Cuboidal_Door": {
  "size": [
   1.093391304347826,
   0.901978260869565,
   0.05582608695652175
  ],
  "position": [
   0.0007173913043478186,
   0.028804347826086946,
   0.45519565217391295
  ],
  "rotation": [
   0.0,
   0.0,
   0.0
  ]
 },
 "Trifold_Handle": {
  "mounting_size": [
   0.03777777777777777,
   0.1138888888888889,
   0.03166666666666666
  ],
  "mounting_seperation": [
   0.8144444444444444
  ],
  "grip_size": [
   0.036111111111111115,
   0.935,
   0.037222222222222226
  ],
  "position": [
   0.003611111111111105,
   0.40772222222222226,
   0.529611111111111
  ],
  "rotation": [
   0.0,
   0.0,
   70.0
  ]
 },
 "Drawer_Like_Tray": {
  "outer_size": [
   0.9325,
   0.10250000000000001,
   0.72
  ],
  "inner_size": [
   0.8049999999999999,
   0.08,
   0.6375
  ],
  "position": [
   0.015,
   -0.21000000000000002,
   0.015
  ],
  "rotation": [
   0.0,
   0.0,
   0.0
  ]
 },
 "Multilevel_Leg": {
  "has_top_part": [
   1.0
  ],
  "top_size": [
   0.9800000000000001,
   0.20833333333333334,
   0.79
  ],
  "front_legs_size": [
   0.043333333333333335,
   0.051666666666666666,
   0.04666666666666667
  ],
  "rear_legs_size": [
   0.043333333333333335,
   0.051666666666666666,
   0.04666666666666667
  ],
  "num_legs": [
   4.0
  ],
  "top_bottom_offset": [
   -0.0033333333333333335,
   0.013333333333333334
  ],
  "legs_separation": [
   0.8799999999999999,
   0.8799999999999999,
   0.6883333333333334
  ],
  "position": [
   0.013333333333333334,
   -0.5666666666666665,
   -0.09500000000000001
  ],
  "rotation": [
   0.0,
   0.0,
   0.0
  ]
 },
 "Trifold_Curve_Handle": {
  "mounting_size": [
   0.025333333333333333,
   0.043399999999999994,
   0.015
  ],
  "mounting_seperation": [
   0.7313333333333333
  ],
  "curve_size": [
   2.1983333333333333,
   2.169333333333334,
   0.050333333333333334
  ],
  "curve_exist_angle": [
   34.4
  ],
  "position": [
   0.004000000000000007,
   0.3521666666666667,
   0.47500000000000003
  ],
  "rotation": [
   0.0,
   0.0,
   90.0
  ]
 },
 "Single_Leg": {
  "size": [
   0.991,
   0.156875,
   0.9375
  ],
  "position": [
   0.0006249999999999999,
   -0.5865,
   -0.0597875
  ],
  "rotation": [
   0.0,
   0.0,
   0.0
  ]
 },
 "Curve_Handle": {
  "curve_size": [
   1.3525,
   1.32125,
   0.058374999999999996
  ],
  "curve_exist_angle": [
   44.5
  ],
  "position": [
   -0.0011250000000000149,
   0.3221875,
   0.5083749999999999
  ],
  "rotation": [
   0.0,
   0.0,
   90.0
  ]
 },
 "Cuboidal_Handle": {
  "size": [
   0.84,
   0.04,
   0.04
  ],
  "position": [
   0.01,
   0.6199999999999999,
   0.545
  ],
  "rotation": [
   0.0,
   0.0,
   0.0
  ]
 },
 "Sunken_Door": {
  "size": [
   0.907,
   1.358,
   0.0315
  ],
  "sunken_size": [
   0.4755,
   0.0615,
   0.03025
  ],
  "sunken_offset": [
   0.002,
   0.4835
  ],
  "position": [
   -0.002750000000000028,
   -0.014,
   0.45375
  ],
  "rotation": [
   0.0,
   0.0,
   0.0
  ]
 },
 "Cuboidal_Topcover": {
  "size": [
   0.785,
   0.067,
   1.112
  ],
  "position": [
   0.0,
   0.602,
   -0.054
  ],
  "rotation": [
   0.0,
   0.0,
   0.0
  ]
 }
}