{
  "Press_Nozzle": {"num_levels": [
      2
     ],
     "level_1_size": [
      0.07,
      0.048
     ],
     "level_2_size": [
      0.1,
      0.18
     ],
     "level_3_size": [
      0.1,
      0.05
     ],
     "level_4_size": [
      0.1,
      0.05
     ],
     "level_5_size": [
      0.1,
      0.05
     ],
     "num_nozzles": [
      1
     ],
     "nozzle_size": [
      0.12,
      0.1
     ],
     "nozzle_length": [
      0.01,
      0.1
     ],
     "nozzle_offset": [
      -0.075
     ],
     "nozzle_rotation": [
      0,
      0
     ],
     "position": [
      -0.009000000000000001,
      0.82105782991252,
      0.015134065525941721
     ],
     "rotation": [
      -0.19999999999998755,
      0.0,
      -0.0
     ]
    
   
  },
 "Spray_Nozzle": {
  "bottom_size": [
      0.21,
      0.14
     ],
     "middle_size": [
      1e-09,
      1e-22,
      1e-18
     ],
     "top_size": [
      0.25,
      0.207,
      0.52
     ],
     "top_offset": [
      0.02,
      0.15
     ],
     "top_rotation": [
      -6
     ],
     "nozzle_size": [
      0.06,
      0.046
     ],
     "handle_size": [
      0.115,
      0.3,
      0.098
     ],
     "handle_offset": [
      -0.027
     ],
     "handle_rotation": [
      5
     ],
     "position": [
      -0.006,
      0.57,
      -0.047
     ],
     "rotation": [
      -0.0,
      0.0,
      -0.0
     ]
 }, 
"Multilevel_Body": {
    "num_levels": [
      4
     ],
     "level_1_size": [
      0.35,
      0.08,
      0.3
     ],
     "level_2_size": [
      0.241,
      1.375
      
     ],
     "level_3_size": [
      0.35,
      0.25
     ],
     "level_4_size": [
      0.2,
      0.25
     ],
    
     "position": [
      -0.0035,
      -0.063,
      -0.0015
     ],
     "rotation": [
      -0.0,
      -0.0,
      -0.0
     ]
},
"Cuboidal_Body": {"size": [
      0.84,
      0.479,
      1.649
     ],
     "position": [
      -0.012,
      0.005,
      -0.0288
     ],
     "rotation": [
      -0.0,
      -0.0,
      -0.0
     ]
}
}