{
 "Standard_Door": {
  "existence_of_door": [
   0.4166666666666667,
   0.6666666666666666
  ],
  "size": [
   0.6766666666666667,
   1.6665000000000003,
   0.037166666666666674
  ],
  "door_rotation": [
   15.0,
   2.5833333333333335
  ],
  "position": [
   -0.006749999999999999,
   -0.04391666666666666,
   -0.029666666666666664
  ],
  "rotation": [
   0.0,
   0.0,
   0.0
  ]
 },
 "LShape_Handle": {
  "existence_of_handle": [
   1.0,
   0.75
  ],
  "fixed_part_size": [
   0.0425,
   0.04,
   0.009250000000000001
  ],
  "vertical_movable_size": [
   0.025,
   0.0175,
   0.012750000000000001
  ],
  "horizontal_movable_size": [
   0.08625000000000001,
   0.01675,
   0.01625
  ],
  "interpiece_offset": [
   0.0,
   0.0
  ],
  "offset_x": [
   0.29374999999999996,
   -0.045
  ],
  "door_rotation": [
   0.0,
   -2.75
  ],
  "existence_of_door": [
   0.5,
   0.5
  ],
  "door_size": [
   0.68625,
   1.7650000000000001,
   0.0235
  ],
  "position": [
   4.336808689942018e-19,
   -0.036250000000000004,
   0.015
  ],
  "rotation": [
   0.0,
   0.0,
   0.0
  ]
 },
 "PiShape_Handle": {
  "existence_of_handle": [
   1.0,
   0.75
  ],
  "main_size": [
   0.0425,
   0.04,
   0.009250000000000001
  ],
  "sub_size": [
   0.025,
   0.0175,
   0.012750000000000001
  ],
  "separation": [
   0.08625000000000001
  ],
  "interpiece_offset": [
   0.0
  ],
  "offset_x": [
   0.29374999999999996,
   -0.045
  ],
  "door_rotation": [
   0.0,
   -2.75
  ],
  "existence_of_door": [
   0.5,
   0.5
  ],
  "door_size": [
   0.68625,
   1.7650000000000001,
   0.0235
  ],
  "position": [
   4.336808689942018e-19,
   -0.036250000000000004,
   0.015
  ],
  "rotation": [
   0.0,
   0.0,
   0.0
  ]
 },
 "Standard_Hinge": {
  "number_of_hinge": [
   3.0
  ],
  "size": [
   0.0045000000000000005,
   0.08750000000000001
  ],
  "separation": [
   0.53,
   0.58,
   0.15,
   0.15
  ],
  "offset_1": [
   0.3295,
   -0.665,
   0.002125
  ],
  "offset_2": [
   0.0,
   0.0,
   0.15250000000000002
  ],
  "existence_of_door": [
   0.0,
   1.0
  ],
  "position": [
   -0.05475000000000001,
   -0.0475,
   0.04925000000000001
  ],
  "rotation": [
   0.0,
   0.0,
   0.0
  ]
 },
 "Cylindrical_Handle": {
  "existence_of_handle": [
   1.0,
   1.0
  ],
  "fixed_part_size": [
   0.023600000000000003,
   0.0054
  ],
  "sub_size": [
   0.0073999999999999995,
   0.0162
  ],
  "main_size": [
   0.022799999999999997,
   0.028999999999999998
  ],
  "offset_x": [
   0.2632,
   0.101
  ],
  "door_rotation": [
   18.0,
   -18.6
  ],
  "existence_of_door": [
   0.2,
   0.8
  ],
  "door_size": [
   0.651,
   1.6596,
   0.0342
  ],
  "position": [
   -0.004200000000000002,
   -0.05740000000000001,
   -0.0013999999999999972
  ],
  "rotation": [
   0.0,
   0.0,
   0.0
  ]
 },
 "Standard_Doorframe": {
  "main_outer_size": [
   0.8146363636363637,
   1.6965454545454544,
   0.09636363636363637
  ],
  "main_inner_outer_offset": [
   -0.00018181818181818183,
   -0.0045000000000000005
  ],
  "main_offset": [
   0.002,
   -0.004090909090909091
  ],
  "sub1_outer_size": [
   0.29954545454545456,
   0.6240909090909091,
   0.021272727272727276
  ],
  "sub1_inner_size": [
   0.25272727272727274,
   0.5959090909090908
  ],
  "sub1_inner_outer_offset": [
   -9.090909090909092e-05,
   0.0
  ],
  "sub1_offset": [
   -0.0009090909090909091,
   -0.0009090909090909091
  ],
  "sub2_outer_size": [
   0.27499999999999997,
   0.6150000000000001,
   0.006363636363636364
  ],
  "sub2_inner_size": [
   0.23863636363636365,
   0.5954545454545453
  ],
  "sub2_inner_outer_offset": [
   -9.090909090909092e-05,
   0.0
  ],
  "sub2_offset": [
   0.0004545454545454545,
   -0.00045454545454545455
  ],
  "door_size": [
   0.7240909090909091,
   1.6502727272727276,
   0.037818181818181834
  ],
  "existence_of_doorframe": [
   0.18181818181818182,
   0.36363636363636365
  ],
  "position": [
   -0.007363636363636363,
   -0.0479090909090909,
   -0.032545454545454544
  ],
  "rotation": [
   0.0,
   0.0,
   0.0
  ]
 },
 "Spherical_Handle": {
  "existence_of_handle": [
   1.0,
   1.0
  ],
  "fixed_part_size": [
   0.0235,
   0.00255
  ],
  "sub_size": [
   0.006500000000000001,
   0.00305
  ],
  "main_size": [
   0.03,
   0.03,
   0.025
  ],
  "offset_x": [
   0.3125,
   -0.1225
  ],
  "door_rotation": [
   0.0,
   22.5
  ],
  "existence_of_door": [
   0.5,
   0.5
  ],
  "door_size": [
   0.74,
   1.74,
   0.0605
  ],
  "position": [
   -0.03,
   -0.032,
   -0.062
  ],
  "rotation": [
   0.0,
   0.0,
   0.0
  ]
 }
}