{
 "Standard_Sphere": {
  "radius": [
   0.5865
  ],
  "position": [
   -0.0025394736842105276,
   0.17076315789473678,
   0.013697368421052637
  ],
  "rotation": [
   -0.015789473684210527,
   -11.463157894736842,
   -0.042105263157894736
  ]
 },
 "Semi_Ring_Bracket": {
  "pivot_size": [
   0.019676470588235302,
   0.8284117647058823
  ],
  "pivot_continuity": [
   0.5588235294117647
  ],
  "pivot_seperation": [
   0.6595588235294116
  ],
  "endpoint_radius": [
   0.030882352941176472
  ],
  "bracket_size": [
   0.6442647058823531,
   0.5907352941176471,
   0.049117647058823544
  ],
  "bracket_offset": [
   0.007264705882352941
  ],
  "bracket_rotation": [
   79.73529411764706
  ],
  "bracket_exist_angle": [
   212.73823529411766
  ],
  "position": [
   -0.0025499412557076504,
   0.16482385639280622,
   0.015463582194203126
  ],
  "rotation": [
   -12.841176470588236,
   -10.205882352941174,
   -0.047058823529411764
  ],
  "has_top_endpoint": [
   0.11764705882352941
  ],
  "has_bottom_endpoint": [
   0.08823529411764706
  ]
 },
 "Cylindrical_Base": {
  "bottom_size": [
   0.28099999999999997,
   0.39124000000000003,
   0.12428
  ],
  "top_size": [
   0.09359999999999997,
   0.18932000000000002,
   0.19108
  ],
  "position": [
   -0.008938950883853514,
   -0.5745849695705089,
   0.003920060794995248
  ],
  "rotation": [
   -0.024,
   -5.064,
   -0.064
  ]
 },
 "Enclosed_Bracket": {
  "bracket_size": [
   0.425,
   0.3825,
   0.025
  ],
  "circle_radius": [
   0.4175
  ],
  "half_circle_number": [
   1.5
  ],
  "circle_thickness": [
   0.0475,
   0.025
  ],
  "position": [
   0.0017499999999999998,
   0.236,
   -0.0075
  ],
  "rotation": [
   0.0,
   -24.3,
   0.0
  ]
 },
 "Star_Shaped_Base": {
  "top_size": [
   0.07366666666666667,
   0.5266666666666667
  ],
  "sub_size": [
   0.026333333333333334,
   0.11333333333333334,
   0.4916666666666667
  ],
  "tilt_angle": [
   12.666666666666666
  ],
  "position": [
   0.009021345158951753,
   -0.2826666666666666,
   -0.0038929030349727366
  ],
  "rotation": [
   0.0,
   -6.533333333333334,
   0.0
  ],
  "num_legs": [
   3.6666666666666665
  ]
 },
 "Tilted_Bracket": {
  "pivot_size": [
   0.0,
   1.21
  ],
  "bracket_size": [
   0.695,
   0.595,
   0.05
  ],
  "circle_rotation": [
   0.0
  ],
  "circle_thickness": [
   0.145,
   0.01
  ],
  "position": [
   0.0,
   0.15,
   -0.01
  ],
  "rotation": [
   0.0,
   -40.0,
   0.0
  ]
 },
 "Table_Like_Base": {
  "circle_size": [
   0.6683333333333333,
   0.5033333333333333,
   0.05916666666666667
  ],
  "leg_size": [
   0.05333333333333332,
   0.9458333333333334
  ],
  "leg_seperation": [
   0.5046666666666667
  ],
  "bottom_size": [
   0.5691666666666667,
   0.04416666666666667,
   0.21000000000000005
  ],
  "bottom_offset": [
   0.054
  ],
  "rotation": [
   0.0,
   2.266666666666667,
   0.0
  ],
  "position": [
   -0.016,
   0.24483333333333335,
   0.011533333333333335
  ],
  "num_legs": [
   2.8333333333333335
  ],
  "has_bottom_part": [
   0.6666666666666666
  ]
 },
 "Cuboidal_Base": {
  "bottom_size": [
   0.595,
   0.03,
   0.88
  ],
  "top_size": [
   0.17,
   0.026,
   0.165
  ],
  "position": [
   -0.03,
   -0.8039318516525782,
   0.038517638090205045
  ],
  "rotation": [
   0.0,
   0.0,
   0.0
  ]
 },
 "Special_Base": {
  "radius": [
   0.43566666666666665,
   0.017
  ],
  "top_size": [
   0.017,
   0.32133333333333336
  ],
  "top_rotation": [
   22.666666666666668
  ],
  "position": [
   0.0026666666666666666,
   -0.528416690876091,
   0.17009243950923267
  ],
  "rotation": [
   0.0,
   53.333333333333336,
   0.0
  ]
 }
}