{
 "Semi_Spherical_Body": {
  "horizontal_axis": [
   0.6057142857142858
  ],
  "vertical_axis": [
   0.6453571428571429,
   0.3771428571428571
  ],
  "bottom_size": [
   0.36607142857142855,
   0.04214285714285714
  ],
  "exist_angle": [
   56.357142857142854,
   43.07142857142857
  ],
  "x_z_ratio": [
   1.0
  ],
  "position": [
   -0.002357142857142857,
   -0.12528571428571428,
   -0.008500000000000002
  ],
  "rotation": [
   0.0,
   0.0,
   0.0
  ]
 },
 "Spherical_Cylindrical_Body": {
  "horizontal_axis": [
   0.5599999999999999
  ],
  "vertical_axis": [
   0.5675
  ],
  "bottom_size": [
   0.45499999999999996,
   0.34875
  ],
  "exist_angle": [
   57.75
  ],
  "x_z_ratio": [
   1.0
  ],
  "position": [
   -0.000375,
   -0.114,
   -0.01625
  ],
  "rotation": [
   0.0,
   0.0,
   0.0
  ]
 },
 "Multilevel_Body": {
  "num_levels": [
   2.0
  ],
  "level_1_bottom_radius": [
   0.4975,
   0.4725
  ],
  "level_1_top_radius": [
   0.4683333333333333,
   0.45166666666666666
  ],
  "level_1_height": [
   0.7041666666666667,
   0.6866666666666666
  ],
  "level_2_top_radius": [
   0.36166666666666664,
   0.31833333333333336
  ],
  "level_2_height": [
   0.4383333333333333
  ],
  "level_3_top_radius": [
   0.4483333333333333,
   0.3783333333333334
  ],
  "level_3_height": [
   0.35333333333333333
  ],
  "level_4_top_radius": [
   0.45999999999999996,
   0.375
  ],
  "level_4_height": [
   0.38166666666666665
  ],
  "level_5_top_radius": [
   0.5,
   0.39999999999999997
  ],
  "level_5_height": [
   0.39999999999999997
  ],
  "x_z_ratio": [
   1.0
  ],
  "position": [
   -0.0018333333333333335,
   -0.19633333333333333,
   -0.006666666666666668
  ],
  "rotation": [
   0.0,
   0.0,
   0.0
  ]
 },
 "Square_Body": {
  "bottom_height": [
   0.02
  ],
  "top_size": [
   0.5,
   0.5
  ],
  "bottom_size": [
   1.2,
   1.2
  ],
  "thickness": [
   0.02,
   0.02
  ],
  "side_radius": [
   0.9
  ],
  "position": [
   0.0,
   0.0,
   0.0
  ],
  "rotation": [
   0.0,
   0.0,
   0.0
  ]
 },
 "Standard_Cover": {
  "outer_size": [
   0.18413043478260868,
   0.3443478260869566,
   0.09630434782608699
  ],
  "inner_size": [
   0.16282608695652176,
   0.3021739130434783,
   0.08213043478260869
  ],
  "num_knobs": [
   2.5217391304347827
  ],
  "knob_1_size": [
   0.05286956521739132,
   0.05547826086956523,
   0.050260869565217386
  ],
  "knob_2_size": [
   0.07260869565217393,
   0.06130434782608697,
   0.052826086956521745
  ],
  "knob_3_size": [
   0.0673913043478261,
   0.07826086956521743,
   0.05652173913043478
  ],
  "knob_4_size": [
   0.08739130434782612,
   0.09739130434782611,
   0.08826086956521742
  ],
  "knob_5_size": [
   0.09652173913043482,
   0.10000000000000003,
   0.09826086956521742
  ],
  "position": [
   -0.0028043478260869567,
   0.42105968931895854,
   -0.010608695652173915
  ],
  "rotation": [
   0.0,
   0.0,
   0.0
  ]
 },
 "Curved_Handle": {
  "radius": [
   0.3735714285714286,
   0.05
  ],
  "rotation": [
   11.428571428571429,
   0.0,
   0.0
  ],
  "exist_angle": [
   211.85714285714286
  ],
  "position": [
   0.0011428571428571438,
   0.14494523950201138,
   -0.40185714285714286
  ]
 },
 "Ring_Handle": {
  "size": [
   0.2683333333333333,
   0.225,
   0.12166666666666666
  ],
  "rotation": [
   -19.333333333333332,
   0.0,
   0.0
  ],
  "exist_angle": [
   224.0
  ],
  "position": [
   -0.008333333333333333,
   -0.014999999999999994,
   -0.6033333333333334
  ]
 },
 "Trifold_Handle": {
  "horizontal_length": [
   0.44333333333333336,
   0.32583333333333336
  ],
  "horizontal_thickness": [
   0.10208333333333335,
   0.05374999999999999
  ],
  "vertical_thickness": [
   0.11916666666666666,
   0.08083333333333335
  ],
  "horizontal_rotation": [
   -5.333333333333333,
   -7.916666666666667
  ],
  "horizontal_separation": [
   0.65125
  ],
  "mounting_offset": [
   -0.05833333333333334
  ],
  "position": [
   0.005625000000000001,
   0.12086599355663986,
   -0.3621666666666667
  ],
  "rotation": [
   30.0,
   0.0,
   0.0
  ]
 },
 "Flat_U_Handle": {
  "vertical_size": [
   0.03,
   0.3,
   0.035
  ],
  "vertical_separation": [
   0.99
  ],
  "rotation": [
   1.0,
   0.0,
   0.0
  ],
  "position": [
   0.04,
   0.2151853198729013,
   -0.015
  ]
 },
 "Round_U_Handle": {
  "mounting_radius": [
   0.035
  ],
  "vertical_separation": [
   0.3
  ],
  "vertical_length": [
   0.3
  ],
  "position": [
   0.0,
   0.0,
   0.0
  ],
  "rotation": [
   0.0,
   0.0,
   0.0
  ]
 },
 "Cylindrical_Handle": {
  "size": [
   0.07,
   0.05,
   0.58
  ],
  "rotation": [
   25.0,
   -90.0,
   0.0
  ],
  "position": [
   0.429,
   0.08000000000000002,
   -0.01
  ]
 },
 "Straight_Spout": {
  "num_of_sub_spouts": [
   1.0
  ],
  "spout_1_radius": [
   0.08055555555555555,
   0.12722222222222224
  ],
  "spout_1_thinkness": [
   0.013444444444444445
  ],
  "spout_1_length": [
   0.3806666666666667,
   0.46166666666666667
  ],
  "spout_1_generatrix_offset": [
   -0.003333333333333333
  ],
  "spout_1_rotation": [
   46.888888888888886
  ],
  "spout_2_radius": [
   0.04888888888888889,
   0.0638888888888889
  ],
  "spout_2_thinkness": [
   0.01888888888888889
  ],
  "spout_2_length": [
   0.1938888888888889,
   0.25666666666666666
  ],
  "spout_2_generatrix_offset": [
   0.0
  ],
  "spout_2_rotation": [
   11.222222222222221
  ],
  "spout_3_radius": [
   0.049999999999999996,
   0.049999999999999996
  ],
  "spout_3_thinkness": [
   0.02
  ],
  "spout_3_length": [
   0.19999999999999998,
   0.19999999999999998
  ],
  "spout_3_generatrix_offset": [
   0.0
  ],
  "spout_3_rotation": [
   0.0
  ],
  "spout_4_radius": [
   0.049999999999999996,
   0.049999999999999996
  ],
  "spout_4_thinkness": [
   0.02
  ],
  "spout_4_length": [
   0.19999999999999998,
   0.19999999999999998
  ],
  "spout_4_generatrix_offset": [
   0.0
  ],
  "spout_4_rotation": [
   0.0
  ],
  "position": [
   0.0008888888888888885,
   0.2896666666666667,
   0.5599444444444445
  ],
  "rotation": [
   0.0,
   0.0,
   0.0
  ]
 },
 "Curved_Spout": {
  "central_radius": [
   0.23766666666666664,
   0.28833333333333333
  ],
  "rotation": [
   11.466666666666667,
   0.0,
   0.0
  ],
  "exist_angle": [
   94.53333333333333,
   79.4
  ],
  "torus_radius": [
   0.13966666666666666,
   0.05766666666666668,
   0.04500000000000001
  ],
  "position": [
   9.999999999999957e-05,
   -0.06733333333333333,
   0.4501
  ]
 },
 "Triangular_Spout": {
   "top_outer_size":  [
    0.1,
    0.09
   ],
  "bottom_outer_size":  [
   0.15,
   0.1
  ],
  "top_inner_size": [
   0.08,
   0.07
  ],
  "bottom_inner_size": [
   0.1,
   0.07
  ],
  "height": [
   0.4,
   0.4
  ],
  "spout_rotation": [
   30.0,
   0.0,
   0.0
  ],
  "position": [
   0.0,
   0.0,
   0.0
  ],
  "rotation": [
   0,
   0,
   0
  ]
 },
 "Ball_Base": {
  "ball_radius": [
   1.0
  ],
  "distance_z": [
   2.0
  ],
  "distance_x": [
   2.0
  ],
  "rotation": [
   0.0,
   0.0,
   0.0
  ],
  "position": [
   0.0,
   0.0,
   0.0
  ]
 }
}