{
 "Cylindrical_Body": {
  "outer_size": [
   0.7308,
   0.6826000000000001,
   0.9094000000000001
  ],
  "inner_size": [
   0.6698,
   0.6305999999999999,
   0.811
  ],
  "position": [
   0.00444,
   -0.07516,
   0.009240000000000002
  ],
  "rotation": [
   0.0,
   -3.6,
   0.0
  ]
 },
 "Cylindrical_Cover": {
  "size": [
   0.655,
   0.0175
  ],
  "position": [
   0.011000000000000001,
   0.33625,
   0.034
  ],
  "rotation": [
   0.0,
   0.0,
   0.0
  ]
 },
 "Cuboidal_Tophandle": {
  "size": [
   0.68,
   0.4,
   0.21
  ],
  "position": [
   -0.266,
   0.305,
   0.046
  ],
  "rotation": [
   0.0,
   0.0,
   0.0
  ]
 },
 "Trifold_Tophandle": {
  "mounting_size": [
   0.03166666666666667,
   0.16333333333333333,
   0.06
  ],
  "mounting_seperation": [
   0.46166666666666667
  ],
  "grip_size": [
   0.5016666666666667,
   0.060000000000000005,
   0.07166666666666667
  ],
  "mounting_rotation": [
   -5.0
  ],
  "position": [
   0.013333333333333334,
   0.46346869710661537,
   0.011666666666666667
  ],
  "rotation": [
   0.0,
   0.0,
   0.0
  ]
 },
 "Trifold_Sidehandle": {
  "mounting_size": [
   0.225,
   0.06500000000000002,
   0.04785714285714287
  ],
  "mounting_seperation": [
   0.4060714285714287
  ],
  "grip_size": [
   0.07071428571428572,
   0.06464285714285714,
   0.39214285714285724
  ],
  "mounting_rotation": [
   -9.428571428571429
  ],
  "handle_seperation": [
   1.3860714285714286
  ],
  "rotation": [
   0.0,
   -6.428571428571429,
   0.0
  ],
  "whole_rotation": [
   9.428571428571429
  ],
  "position": [
   0.006857142857142858,
   0.18150000000000002,
   0.009142857142857144
  ]
 },
 "Semi_Spherical_Cover": {
  "radius": [
   2.1418749999999998
  ],
  "exist_angle": [
   25.875
  ],
  "position": [
   0.0016875,
   0.37865624999999997,
   0.0070625
  ],
  "rotation": [
   0.0,
   -5.625,
   0.0
  ]
 },
 "Multilevel_Tophandle": {
  "num_levels": [
   2.176470588235294
  ],
  "level_1_size": [
   0.11000000000000001,
   0.11794117647058826,
   0.06352941176470589
  ],
  "level_2_size": [
   0.12441176470588236,
   0.11382352941176473,
   0.07382352941176473
  ],
  "level_3_size": [
   0.10441176470588236,
   0.09441176470588238,
   0.09411764705882354
  ],
  "level_4_size": [
   0.09735294117647061,
   0.09617647058823532,
   0.0873529411764706
  ],
  "position": [
   0.0034117647058823524,
   0.5095554107956137,
   0.0034705882352941177
  ],
  "rotation": [
   0.0,
   0.0,
   0.0
  ]
 },
 "Cuboidal_Sidehandle": {
  "size": [
   0.14666666666666667,
   0.27666666666666667,
   0.47000000000000003
  ],
  "rotation": [
   -0.6666666666666666,
   30.0,
   0.0
  ],
  "position": [
   0.36866666666666664,
   -0.055000000000000014,
   0.11266666666666665
  ]
 },
 "Carved_Cylindrical_Cover": {
  "outer_size": [
   0.607,
   0.6799999999999999,
   0.12000000000000002
  ],
  "inner_size": [
   0.35,
   0.43,
   0.0728
  ],
  "position": [
   0.013999999999999999,
   0.44800000000000006,
   0.00039999999999999964
  ],
  "rotation": [
   0.0,
   0.0,
   0.0
  ]
 },
 "L_Shaped_Sidehandle": {
  "bottom_size": [
   0.06899999999999999,
   0.16199999999999998,
   0.373
  ],
  "top_size": [
   0.26,
   0.044000000000000004,
   0.374
  ],
  "handle_seperation": [
   1.3739999999999999
  ],
  "position": [
   0.011999999999999999,
   0.195,
   -0.0036000000000000003
  ],
  "rotation": [
   0.0,
   0.0,
   0.0
  ]
 },
 "Semi_Ring_Tophandle": {
  "curve_size": [
   0.385,
   0.3425,
   0.11
  ],
  "curve_exist_angle": [
   133.75
  ],
  "position": [
   0.013500000000000002,
   0.5878749497545871,
   0.004
  ],
  "rotation": [
   0.0,
   -22.5,
   0.0
  ]
 }
}