{
 "Enveloping_Handle": {
  "size": [
   0.09166666666666666,
   1.57625,
   0.24766666666666662
  ],
  "thickness": [
   0.29033333333333333,
   0.03141666666666667,
   0.031166666666666676
  ],
  "position": [
   -0.0037916666666666667,
   -0.001275272378770932,
   -0.006503685417946892
  ],
  "rotation": [
   90.0,
   -0.18333333333333254,
   90.0
  ],
  "gap_width": [
   0.09933333333333333
  ]
 },
 "Cusp_Blade": {
  "root_size": [
   0.026000000000000006,
   0.7428214285714285,
   0.1909821428571429,
   0.18430357142857143
  ],
  "root_z_offset": [
   0.004928571428571429
  ],
  "rotation": [
   55.753571428571426,
   -1.6464285714285711,
   49.88392857142857
  ],
  "position": [
   -0.008894433449696633,
   -0.002386726395936715,
   0.06125169927516017
  ],
  "tip_length": [
   0.3288392857142857
  ],
  "tip_z_offset": [
   0.007178571428571429
  ]
 },
 "Regular_Button": {
  "size": [
   0.05300000000000001,
   0.2760833333333333,
   0.11683333333333334
  ],
  "position": [
   -0.0038749999999999883,
   0.07234720002985913,
   -0.12430958218395623
  ],
  "rotation": [
   90.0,
   -0.18333333333333254,
   90.0
  ]
 },
 "Multideck_Handle": {
  "bottom_size": [
   0.1027777777777778,
   0.07566666666666667,
   0.19733333333333333
  ],
  "beside_size": [
   0.03733333333333334,
   1.0804444444444445,
   0.24061111111111114
  ],
  "beside_seperation": [
   0.06894444444444445
  ],
  "beside_offset": [
   5.555555555555556e-05,
   -0.02038888888888889
  ],
  "position": [
   0.000666666666666674,
   -0.011722222222222222,
   -0.1247222222222222
  ],
  "rotation": [
   85.0,
   0.0,
   85.0
  ]
 },
 "Cuboidal_Handle": {
  "size": [
   0.06821739130434783,
   0.7141304347826086,
   0.18752173913043482
  ],
  "position": [
   0.0013712553393045348,
   -0.42228394037354156,
   0.003968401117310037
  ],
  "rotation": [
   -31.643478260869564,
   0.0,
   31.286956521739132
  ]
 },
 "Standard_Guard": {
  "size": [
   0.11722727272727275,
   0.05163636363636364,
   0.3495000000000001
  ],
  "position": [
   -0.0016293610989551496,
   -0.020008118591515574,
   0.003668181818181818
  ],
  "rotation": [
   -8.181818181818182,
   -4.090909090909091,
   8.359090909090908
  ]
 },
 "Cylindrical_Handle": {
  "size": [
   0.0695,
   0.06825,
   0.71475
  ],
  "position": [
   -0.0004750000000000076,
   -0.30349075584816976,
   0.002180064831163283
  ],
  "rotation": [
   -44.15,
   0.0,
   45.0
  ]
 },
 "Curved_Blade": {
  "root_size": [
   0.029470588235294123,
   0.6408823529411765,
   0.2072352941176471,
   0.20311764705882354
  ],
  "root_z_offset": [
   0.0030000000000000005
  ],
  "position": [
   0.000652941176470587,
   0.0060321326412657765,
   -0.010615841979886999
  ],
  "rotation": [
   -63.129411764705885,
   0.0,
   63.529411764705884
  ],
  "tip_length": [
   0.37400000000000005
  ],
  "tip_angle": [
   50.529411764705884
  ]
 },
 "Curved_Handle": {
  "radius": [
   1.3259999999999998,
   1.1245999999999998
  ],
  "rotation": [
   12.2,
   0.0,
   0.7799999999999974
  ],
  "thickness": [
   0.1022
  ],
  "exist_angle": [
   51.04
  ],
  "position": [
   -0.0020313646780530112,
   -0.011662352596059095,
   -0.0434
  ]
 },
 "Cuboidal_Blade": {
  "size": [
   0.026,
   1.1603333333333332,
   0.44966666666666666
  ],
  "position": [
   -0.0013333333333333329,
   -0.37433333333333335,
   0.006666666666666665
  ],
  "rotation": [
   0.0,
   0.0,
   0.0
  ]
 },
 "T_Shaped_Handle": {
  "bottom_size": [
   0.10440000000000002,
   0.0745,
   0.2512
  ],
  "bottom_offset": [
   0.0016,
   0.003799999999999999
  ],
  "position": [
   -0.001240000000000005,
   -0.32280000000000003,
   0.00020000000000000494
  ],
  "rotation": [
   -18.0,
   -9.0,
   18.0
  ],
  "main_size": [
   0.0758,
   0.6009,
   0.2011
  ]
 }
}