{
 "Regular_Base": {
  "size": [
   1.3104166666666666,
   0.06390624999999998,
   0.9147916666666666
  ],
  "position": [
   0.0020729166666666665,
   -0.19281666666666672,
   0.2589270833333333
  ],
  "rotation": [
   0.13333333333333333,
   -0.011874999999999997,
   0.016666666666666666
  ]
 },
 "Regular_Screen": {
  "size": [
   1.313020833333333,
   0.8853958333333335,
   0.03812708333333332
  ],
  "offset": [
   0.014244791666666666,
   -0.5769583333333332
  ],
  "screen_rotation": [
   -16.729166666666668
  ],
  "position": [
   0.0020729166666666665,
   -0.19281666666666672,
   0.2589270833333333
  ],
  "rotation": [
   0.13333333333333333,
   -0.011874999999999997,
   0.016666666666666666
  ]
 },
 "Cylindrical_Connector": {
  "number_of_connector": [
   1.25
  ],
  "size": [
   0.027050000000000008,
   0.958
  ],
  "separation": [
   0.259,
   0.16549999999999992,
   0.14999999999999997,
   0.14749999999999994
  ],
  "offset": [
   -0.5882499999999999,
   0.022950000000000005,
   -0.449625
  ],
  "position": [
   0.005175,
   -0.19963999999999998,
   0.27132500000000004
  ],
  "rotation": [
   0.32,
   -0.0085,
   0.04
  ]
 },
 "Cuboidal_Connector": {
  "number_of_connector": [
   1.3157894736842106
  ],
  "size": [
   0.6,
   0.03421052631578948,
   0.0515263157894737
  ],
  "separation": [
   0.3878947368421054,
   0.14999999999999997,
   0.14999999999999997,
   0.14999999999999997
  ],
  "offset": [
   -0.4523684210526316,
   0.01636842105263158,
   -0.44763157894736844
  ],
  "connector_rotation": [
   -4.421052631578948
  ],
  "position": [
   -0.0014736842105263158,
   -0.18702105263157898,
   0.2533684210526315
  ],
  "rotation": [
   0.0,
   -0.021052631578947364,
   0.0
  ]
 }
}