{
 "Cuboidal_Body": {
  "size": [
   1.2239333333333335,
   1.0399333333333336,
   0.8401333333333334
  ],
  "thickness": [
   0.077,
   0.08733333333333333,
   0.04013333333333333,
   0.040066666666666674,
   0.06333333333333332
  ],
  "position": [
   -0.0236,
   -0.07259999999999998,
   -0.039080000000000004
  ],
  "rotation": [
   0.0,
   0.0,
   0.0
  ]
 },
 "Sunken_Door": {
  "size": [
   0.9340833333333335,
   0.7174166666666667,
   0.05316666666666667
  ],
  "sunken_size": [
   0.6434166666666666,
   0.3988333333333333,
   0.01425
  ],
  "sunken_offset": [
   0.0006666666666666666,
   8.333333333333311e-05
  ],
  "position": [
   -0.011083333333333343,
   -0.0005000000000000259,
   0.3959166666666667
  ],
  "rotation": [
   0.0,
   0.0,
   0.0
  ]
 },
 "Trifold_Handle": {
  "mounting_size": [
   0.03846666666666666,
   0.03186666666666667,
   0.03166666666666666
  ],
  "mounting_seperation": [
   0.7532333333333334
  ],
  "grip_size": [
   0.03726666666666667,
   0.7958,
   0.03146666666666667
  ],
  "position": [
   -0.025026666666666694,
   0.2189,
   0.41913333333333325
  ],
  "rotation": [
   0.0,
   0.0,
   90.0
  ]
 },
 "Flat_Tray": {
  "size": [
   0.8328333333333334,
   0.009777777777777781,
   0.6504999999999997
  ],
  "position": [
   0.005833333333333329,
   -0.08097222222222222,
   0.011166666666666665
  ],
  "rotation": [
   0.0,
   0.0,
   0.0
  ]
 },
 "Controller_With_Button": {
  "bottom_size": [
   1.1895555555555555,
   0.18861111111111115,
   0.04961111111111111,
   0.05733333333333333
  ],
  "button_1_size": [
   0.05972222222222223,
   0.05972222222222223,
   0.027277777777777776
  ],
  "button_1_offset": [
   -0.29994444444444446,
   0.002111111111111111
  ],
  "button_2_size": [
   0.05833333333333335,
   0.05833333333333335,
   0.02661111111111111
  ],
  "button_2_offset": [
   -0.18783333333333332,
   -0.0005555555555555557
  ],
  "button_3_size": [
   0.05833333333333335,
   0.05833333333333335,
   0.028277777777777777
  ],
  "button_3_offset": [
   -0.08844444444444445,
   -0.003777777777777778
  ],
  "button_4_size": [
   0.055000000000000014,
   0.055000000000000014,
   0.02716666666666667
  ],
  "button_4_offset": [
   0.023611111111111117,
   -0.003666666666666667
  ],
  "button_5_size": [
   0.054444444444444455,
   0.054444444444444455,
   0.03294444444444444
  ],
  "button_5_offset": [
   0.1087777777777778,
   -0.0033888888888888888
  ],
  "button_6_size": [
   0.054166666666666675,
   0.054166666666666675,
   0.034777777777777776
  ],
  "button_6_offset": [
   0.17116666666666666,
   -0.0003888888888888885
  ],
  "button_7_size": [
   0.05250000000000002,
   0.05250000000000002,
   0.03777777777777778
  ],
  "button_7_offset": [
   0.1075,
   -0.005611111111111111
  ],
  "button_8_size": [
   0.047500000000000014,
   0.047500000000000014,
   0.04222222222222224
  ],
  "button_8_offset": [
   0.0023333333333333383,
   -0.0025555555555555553
  ],
  "button_9_size": [
   0.04361111111111112,
   0.04361111111111112,
   0.03833333333333334
  ],
  "button_9_offset": [
   0.044500000000000005,
   -0.0008888888888888885
  ],
  "button_10_size": [
   0.04100000000000001,
   0.04072222222222223,
   0.03916666666666667
  ],
  "button_10_offset": [
   0.02525,
   0.0005555555555555556
  ],
  "num_buttons": [
   6
  ],
  "position": [
   -0.018859678399777778,
   0.4313333333333333,
   0.29431792885906144
  ],
  "rotation": [
   0.0,
   -0.2111111111111111,
   0.0
  ]
 },
 "Flat_Top": {
  "size": [
   0.9337500000000001,
   0.041249999999999995,
   0.8925
  ],
  "position": [
   0.029912739004,
   0.580875,
   0.0020219853170794985
  ],
  "rotation": [
   0.0,
   -0.95,
   0.0
  ]
 },
 "Double_Layer_Body": {
  "size": [
   1.04,
   1.19075,
   0.90625
  ],
  "clapboard_size": [
   0.04925,
   0.8025
  ],
  "clapboard_offset": [
   -0.08700000000000001
  ],
  "thickness": [
   0.1395,
   0.0935,
   0.036000000000000004,
   0.037500000000000006,
   0.08575
  ],
  "position": [
   0.0155,
   -0.039,
   -0.014249999999999999
  ],
  "rotation": [
   0.0,
   -0.95,
   0.0
  ]
 },
 "Cuboidal_Door": {
  "size": [
   0.9477499999999999,
   0.39850000000000013,
   0.04085714285714286
  ],
  "position": [
   -0.03449815794257144,
   -0.26321428571428573,
   0.3852123371045075
  ],
  "rotation": [
   0.0,
   -0.2714285714285714,
   0.0
  ]
 },
 "Curve_Handle": {
  "curve_size": [
   1.3407692307692307,
   1.1249230769230771,
   0.033461538461538466
  ],
  "curve_exist_angle": [
   35.15384615384615
  ],
  "position": [
   0.0037197423813723762,
   0.09792307692307693,
   0.45326022889737627
  ],
  "rotation": [
   0.0,
   -0.5846153846153845,
   90.0
  ]
 },
 "Trifold_Curve_Handle": {
  "mounting_size": [
   0.03846666666666666,
   0.03186666666666667,
   0.03166666666666666
  ],
  "mounting_seperation": [
   0.7532333333333334
  ],
  "curve_size": [
   1.3407692307692307,
   1.1249230769230771,
   0.033461538461538466
  ],
  "curve_exist_angle": [
   35.15384615384615
  ],
  "position": [
   0.0037197423813723762,
   0.09792307692307693,
   0.45326022889737627
  ],
  "rotation": [
   0.0,
   -0.5846153846153845,
   90.0
  ]
 },
 "Drawer_Like_Tray": {
  "outer_size": [
   0.83,
   0.03,
   0.63
  ],
  "inner_size": [
   0.775,
   0.02,
   0.56
  ],
  "position": [
   0.009377711124539737,
   0.2175,
   0.08448175530282426
  ],
  "rotation": [
   0.0,
   -3.8,
   0.0
  ]
 },
 "Cuboidal_Baffle": {
  "size": [
   1.0702222222222224,
   0.2607777777777777,
   0.048055555555555546
  ],
  "position": [
   0.002,
   0.44072222222222224,
   -0.3929444444444445
  ],
  "rotation": [
   0.0,
   0.0,
   0.0
  ]
 },
 "Top_With_Burner": {
  "bottom_size": [
   1.256,
   0.058642857142857156,
   0.8298571428571427
  ],
  "num_burners": [
   5
  ],
  "burner_1_size": [
   0.3745714285714286,
   0.029021428571428576,
   0.45642857142857146
  ],
  "burner_1_offset": [
   -0.33878571428571436,
   -0.13578571428571426
  ],
  "burner_1_central_size": [
   0.06557142857142857,
   0.020571428571428577
  ],
  "burner_1_central_offset": [
   -0.004071428571428571,
   -0.04071428571428572
  ],
  "burner_2_size": [
   0.3616428571428571,
   0.029021428571428576,
   0.4547857142857143
  ],
  "burner_2_offset": [
   -0.16307142857142856,
   0.04871428571428571
  ],
  "burner_2_central_size": [
   0.06785714285714285,
   0.020785714285714293
  ],
  "burner_2_central_offset": [
   0.002785714285714286,
   -0.039142857142857146
  ],
  "burner_3_size": [
   0.37314285714285716,
   0.029021428571428576,
   0.491
  ],
  "burner_3_offset": [
   0.09242857142857143,
   -0.0475
  ],
  "burner_3_central_size": [
   0.06492857142857142,
   0.01735714285714286
  ],
  "burner_3_central_offset": [
   0.0030714285714285717,
   -0.03985714285714286
  ],
  "burner_4_size": [
   0.304,
   0.029664285714285716,
   0.32078571428571434
  ],
  "burner_4_offset": [
   0.17721428571428574,
   0.09342857142857143
  ],
  "burner_4_central_size": [
   0.05335714285714286,
   0.024071428571428577
  ],
  "burner_4_central_offset": [
   -0.0018571428571428573,
   -0.014142857142857146
  ],
  "burner_5_size": [
   0.17821428571428574,
   0.028500000000000008,
   0.18550000000000003
  ],
  "burner_5_offset": [
   0.1042857142857143,
   -0.03207142857142857
  ],
  "burner_5_central_size": [
   0.0365,
   0.027928571428571438
  ],
  "burner_5_central_offset": [
   0.0005714285714285715,
   0.00014285714285714287
  ],
  "burner_6_size": [
   0.1525714285714286,
   0.031500000000000014,
   0.15750000000000003
  ],
  "burner_6_offset": [
   0.07542857142857143,
   0.03457142857142857
  ],
  "burner_6_central_size": [
   0.029928571428571433,
   0.026500000000000006
  ],
  "burner_6_central_offset": [
   0.0005714285714285715,
   0.0019999999999999996
  ],
  "burner_1_thickness": [
   0.048642857142857154
  ],
  "burner_2_thickness": [
   0.04685714285714287
  ],
  "burner_3_thickness": [
   0.04792857142857144
  ],
  "burner_4_thickness": [
   0.03778571428571429
  ],