{
 "Cylindrical_Barrel": {
  "size": [
   0.07933333333333334,
   0.079,
   1.3790000000000002
  ],
  "thickness": [
   0.013333333333333332
  ],
  "position": [
   0.0,
   0.2370666666666667,
   -0.0033333333333333335
  ],
  "rotation": [
   -0.013333333333333334,
   0.0,
   0.04
  ]
 },
 "Single_Cap": {
  "outer_size": [
   0.07973684210526318,
   0.08000000000000002,
   0.5034210526315789
  ],
  "inner_size": [
   0.06526315789473686,
   0.06605263157894738,
   0.4492105263157895
  ],
  "position": [
   0.0018249568350493732,
   -0.5883707846182169,
   -0.0027205026344564883
  ],
  "rotation": [
   -0.042105263157894736,
   -6.178947368421053,
   0.12631578947368421
  ]
 },
 "Trifold_Clip": {
  "clip_root_size": [
   0.04455882352941178,
   0.09029411764705882,
   0.022500000000000006
  ],
  "clip_vertical_size": [
   0.049852941176470614,
   0.5475000000000002,
   0.018235294117647065
  ],
  "clip_tip_size": [
   0.044147058823529435,
   0.10355882352941179,
   0.01620588235294118
  ],
  "clip_offset": [
   0.004264705882352941,
   -0.002058823529411765
  ],
  "position": [
   -0.0003185512904088634,
   0.14213244527624333,
   0.058101566731409544
  ],
  "rotation": [
   -0.023529411764705882,
   -3.4529411764705884,
   68.8941176470588
  ]
 },
 "Cylindrical_Button": {
  "size": [
   0.05339285714285715,
   0.05910714285714287,
   0.12107142857142852
  ],
  "position": [
   -6.54482519909588e-05,
   0.7991246192334834,
   -0.003736102285630862
  ],
  "rotation": [
   -0.0071428571428571435,
   -6.428571428571429,
   0.02142857142857143
  ]
 },
 "Double_Layer_Barrel": {
  "main_size": [
   0.06703125000000001,
   0.07484375,
   1.39703125
  ],
  "bottom_size": [
   0.028750000000000008,
   0.29781250000000004
  ],
  "thickness": [
   0.01203125
  ],
  "position": [
   -9.375e-05,
   0.12729687499999998,
   -0.004421875
  ],
  "rotation": [
   -0.025,
   -9.29375,
   0.075
  ]
 },
 "Cylindrical_Refill": {
  "size": [
   0.041379310344827606,
   0.6927586206896553
  ],
  "tip_radius": [
   0.035
  ],
  "tip_height": [
   0.07637931034482756,
   0.10517241379310344
  ],
  "tip_offset": [
   0.0006896551724137932,
   0.006896551724137932
  ],
  "position": [
   0.00168468428767943,
   -0.3234636303345301,
   -0.0035443084730263493
  ],
  "rotation": [
   -0.034482758620689655,
   -10.255172413793103,
   0.10344827586206896
  ]
 },
 "Curved_Clip": {
  "clip_curve_size": [
   0.8321428571428572,
   0.8171428571428571,
   0.044285714285714296
  ],
  "clip_curve_exist_angle": [
   39.0
  ],
  "position": [
   -0.00111475023374143,
   0.3773040576239879,
   0.03631299262761236
  ],
  "rotation": [
   -0.7428571428571429,
   -25.714285714285715,
   51.51428571428572
  ]
 },
 "Bistratal_Button": {
  "bottom_size": [
   0.05384615384615384,
   0.06307692307692306,
   0.0603846153846154
  ],
  "top_size": [
   0.04615384615384616,
   0.047692307692307694,
   0.08461538461538462
  ],
  "position": [
   0.0,
   0.7689230769230769,
   -0.005807692307692307
  ],
  "rotation": [
   0.0,
   0.0,
   0.0
  ]
 }
}