{
 "Cuboidal_Body": {
  "size": [
   0.8697087719298245,
   1.61359649122807,
   0.6487543859649122
  ],
  "thickness": [
   0.028052631578947336,
   0.03882456140350872,
   0.010754385964912282,
   0.011005263157894737,
   0.010140350877192984
  ],
  "position": [
   -0.0001403508771929827,
   0.001456140350877193,
   -0.04293859649122807
  ],
  "rotation": [
   0.0,
   -3.1403508771929824,
   0.0
  ]
 },
 "Cuboidal_Door": {
  "size": [
   0.651929411764706,
   1.203058823529412,
   0.044943529411764674
  ],
  "position": [
   0.024282137083983944,
   0.044305882352941174,
   0.26839792242879407
  ],
  "rotation": [
   0.0,
   -3.988235294117647,
   0.0
  ]
 },
 "Multilevel_Leg": {
  "front_legs_size": [
   0.1416666666666666,
   0.07033333333333334,
   0.1424166666666666
  ],
  "rear_legs_size": [
   0.05375000000000001,
   0.08033333333333335,
   0.05375000000000001
  ],
  "legs_separation": [
   0.6633333333333334,
   0.6633333333333334,
   0.5233333333333333
  ],
  "position": [
   -0.001625,
   -0.7995208333333333,
   -0.036500000000000005
  ],
  "rotation": [
   0.0,
   0.041666666666666664,
   0.0
  ],
  "num_legs": [
   3.625
  ]
 },
 "Double_Layer_Body": {
  "size": [
   0.8303333333333333,
   1.7890000000000004,
   0.6215
  ],
  "clapboard_size": [
   0.060000000000000005,
   0.5111666666666667
  ],
  "clapboard_offset": [
   0.301
  ],
  "thickness": [
   0.03316666666666667,
   0.050666666666666665,
   0.03283333333333333,
   0.0335,
   0.039
  ],
  "position": [
   0.0003333333333333333,
   -0.030666666666666665,
   -0.028166666666666673
  ],
  "rotation": [
   0.0,
   0.0,
   0.0
  ]
 },
 "Sunken_Door": {
  "size": [
   0.6337777777777779,
   1.3202592592592592,
   0.0601851851851852
  ],
  "sunken_size": [
   0.255,
   0.3379629629629629,
   0.04733333333333335
  ],
  "sunken_offset": [
   -0.05981481481481482,
   0.13203703703703706
  ],
  "position": [
   -0.06938888888888889,
   -0.010259259259259265,
   0.27259259259259266
  ],
  "rotation": [
   0.0,
   0.0,
   0.0
  ]
 },
 "Cuboidal_Handle": {
  "size": [
   0.10733333333333332,
   0.3965,
   0.030833333333333348
  ],
  "position": [
   -0.10918333333333329,
   0.1146,
   0.32353333333333334
  ],
  "rotation": [
   0.0,
   0.0,
   0.0
  ]
 },
 "Curve_Handle": {
  "curve_size": [
   0.8476470588235292,
   0.8252941176470587,
   0.0423529411764706
  ],
  "curve_exist_angle": [
   61.94117647058823
  ],
  "position": [
   -0.06308823529411763,
   0.1774705882352941,
   0.3246176470588235
  ],
  "rotation": [
   0.0,
   0.0,
   0.0
  ]
 },
 "Trifold_Handle": {
  "position": [
   -0.12051096453988544,
   0.13699999999999998,
   0.26397643170757645
  ],
  "rotation": [
   0.0,
   -15.46875,
   8.4375
  ],
  "mounting_size": [
   0.03109375000000001,
   0.04171875000000002,
   0.025468750000000012
  ],
  "mounting_seperation": [
   0.5884375
  ],
  "grip_size": [
   0.029031250000000012,
   0.665625,
   0.02278125000000001
  ]
 },
 "Left_Right_Double_Layer_Body": {
  "size": [
   0.8450000000000001,
   1.6400000000000001,
   0.5225
  ],
  "clapboard_size": [
   0.035,
   0.5425
  ],
  "clapboard_offset": [
   -0.1025
  ],
  "thickness": [
   0.0075,
   0.0075,
   0.01,
   0.01,
   0.01
  ],
  "position": [
   -0.001,
   0.022000000000000002,
   -0.051000000000000004
  ],
  "rotation": [
   0.0,
   0.0,
   0.0
  ]
 },
 "Flat_Tray": {
  "size": [
   0.6582592592592591,
   0.04914814814814816,
   0.48277777777777764
  ],
  "position": [
   -0.023129982174538648,
   -0.025814814814814808,
   -0.044704831887730424
  ],
  "rotation": [
   0.0,
   0.07407407407407407,
   0.0
  ]
 },
 "Cuboidal_Vessel": {
  "outer_size": [
   0.6250000000000001,
   0.1375,
   0.11666666666666665
  ],
  "inner_size": [
   0.5866666666666668,
   0.10999999999999999,
   0.10333333333333332
  ],
  "position": [
   0.16473921861386664,
   -0.07566666666666666,
   0.44393726165646824
  ],
  "rotation": [
   0.0,
   66.66666666666667,
   0.0
  ]
 },
 "Trifold_Curve_Handle": {
  "curve_size": [
   2.5475000000000003,
   2.5250000000000004,
   0.05
  ],
  "curve_exist_angle": [
   23.75
  ],
  "position": [
   0.10300000000000004,
   0.204,
   0.45599999999999996
  ],
  "rotation": [
   0.0,
   0.0,
   0.0
  ],
  "mounting_size": [
   0.025,
   0.042499999999999996,
   0.0275
  ],
  "mounting_seperation": [
   0.6125
  ]
 },
 "Drawer_Like_Tray": {
  "outer_size": [
   0.63,
   0.03,
   0.44
  ],
  "inner_size": [
   0.58,
   0.01,
   0.4
  ],
  "position": [
   -0.022,
   0.086,
   -0.10099999999999999
  ],
  "rotation": [
   0.0,
   0.0,
   0.0
  ]
 }
}