{
 "Cylindrical_body": {
  "num_of_part": [
   3.2222222222222223
  ],
  "x_z_ratio": [
   1.5114814814814819
  ],
  "position": [
   0.015481481481481478,
   -0.5242962962962964,
   0.00288888888888889
  ],
  "rotation": [
   -60.62333333333333,
   10.355555555555556,
   -26.574074074074073
  ],
  "all_sizes": [
   0.23870370370370364,
   0.6503703703703705,
   0.2283333333333333,
   0.2244444444444444,
   0.49185185185185176,
   0.23277777777777775,
   0.2448148148148149,
   0.19074074074074077,
   0.16259259259259262
  ]
 },
 "Cylindrical_cap": {
  "outer_size": [
   0.16448717948717945,
   0.1719230769230769,
   0.2091794871794872
  ],
  "inner_size": [
   0.1275641025641026,
   0.1330769230769231,
   0.14
  ],
  "x_z_ratio": [
   1.1589743589743593
  ],
  "position": [
   0.030666666666666658,
   0.5438846153846153,
   0.002102564102564103
  ],
  "rotation": [
   -23.853846153846153,
   4.356410256410257,
   -38.06410256410256
  ]
 },
 "Cuboidal_body": {
  "size": [
   0.6,
   1.26,
   0.86
  ],
  "position": [
   0.0,
   -0.13,
   0.0
  ],
  "rotation": [
   -271.0,
   0.0,
   0.0
  ]
 },
 "Regular_nozzle": {
  "num_of_part": [
   4.285714285714286
  ],
  "num_of_nozzle": [
   1.0
  ],
  "nozzle_size": [
   0.08142857142857143,
   0.06
  ],
  "nozzle_length": [
   0.20714285714285713,
   0.09999999999999999
  ],
  "nozzle_offset": [
   -0.038571428571428576
  ],
  "nozzle_rotation": [
   0.0,
   0.0,
   72.71428571428571
  ],
  "position": [
   0.004999999999999999,
   0.6287142857142858,
   -0.0007142857142857143
  ],
  "rotation": [
   -219.4042857142857,
   19.285714285714285,
   -19.285714285714285
  ],
  "parts_params": [
   0.15714285714285717,
   0.22999999999999998,
   0.10428571428571429,
   0.08,
   0.07571428571428572,
   0.17285714285714285,
   0.11714285714285713,
   0.08857142857142859,
   0.11142857142857143,
   0.1671428571428572
  ]
 },
 "Toothpaste_body": {
  "radius": [
   0.18666666666666665
  ],
  "bottom_length": [
   0.5880555555555556
  ],
  "height": [
   1.236388888888889
  ],
  "position": [
   0.044333333333333336,
   -0.2665555555555555,
   0.00022222222222222318
  ],
  "rotation": [
   -31.016666666666666,
   1.4055555555555557,
   -50.111111111111114
  ]
 }
}