{
    "Storagefurniture_body": {
     "size": [
      1.143067365269461,
      1.279913173652695,
      0.7241586826347308
     ],
     "back_size": [
      0.046832335329341314
     ],
     "left_right_inner_size": [
      0.034158682634730535
     ],
     "base_size": [
      0.046338323353293416
     ],
     "has_lid": [
      0.5029940119760479
     ],
     "lid_size": [
      0.9970479041916197,
      0.027214970059880106,
      0.39317814371257576
     ],
     "lid_offset": [
      0.0,
      -0.016922155688622733,
      -0.004465269461077845
     ],
     "position": [
      0.00043443113772455094,
      0.03473443113772455,
      -0.028094011976047863
     ],
     "rotation": [
      0.0,
      0.0,
      -0.5389221556886228
     ],
     "storagefurniture_layers_params": [
      0,
      0.01683413173652683,
      0.27058682634730674,
      0.12252005988023935,
      0.15462125748503075,
      0,
      0.010688622754490932,
      0.2060928143712588,
      0.054670658682635084,
      0.10211077844311442,
      0,
      0.010029940119760397,
      0.2005988023952108,
      0.05148203592814404,
      0.10000000000000062,
      0,
      0.009999999999999919,
      0.19979041916167786,
      0.05000000000000031,
      0.10000000000000062,
      0,
      0.009999999999999919,
      0.19997005988024072,
      0.05000000000000031,
      0.10004491017964133,
      0,
      0.1,
      0.1,
      0.1,
      0.1,
      0,
      0.1,
      0.1,
      0.1,
      0.1,
      0,
      0.1,
      0.1,
      0.1,
      0.1,
      0,
      0.1,
      0.1,
      0.1,
      0.1,
      0,
      0.1,
      0.1,
      0.1,
      0.1,
      0,
      0.1,
      0.1,
      0.1,
      0.1,
      0,
      0.1,
      0.1,
      0.1,
      0.1,
      0,
      0.1,
      0.1,
      0.1,
      0.1,
      0,
      0.1,
      0.1,
      0.1,
      0.1,
      0,
      0.1,
      0.1,
      0.1,
      0.1,
      0,
      0.1,
      0.1,
      0.1,
      0.1,
      0,
      0.1,
      0.1,
      0.1,
      0,
      0.1,
      0.1,
      0.1,
      0.1,
      0.1,
      0,
      0.1
     ],
     "additional_layers_params": [
      0.7335329341317365,
      0.4292904191616765,
      0.042967065868263245,
      0.4930658682634749,
      0.08510928143712576,
      0.15745868263473048,
      -0.0152080838323353,
      0.00041916167664670664,
      0.00011976047904191617,
      0.0025449101796407186,
      0.4057784431137725,
      0.0693413173652698,
      0.5036017964071879,
      -0.08297455089820362,
      0.155937125748503,
      -0.00348802395209581,
      0.0,
      0.0029940119760479044,
      0.0,
      0.48314970059880236,
      0.07281736526946139,
      0.4118383233532959,
      -0.00020359281437125717,
      0.005657185628742516,
      0.0015149700598802395,
      0.0,
      0.0,
      0.0,
      0.49835928143712577,
      0.030398203592814293,
      0.3977754491017988,
      -0.0015688622754491018,
      0.005206586826347306,
      -0.0010119760479041916,
      0.0,
      0.0,
      0.0,
      0.49641017964071854,
      0.03125748502994002,
      0.400404191616769,
      -0.0004760479041916167,
      0.0016976047904191615,
      0.0003413173652694611,
      0.0,
      0.0,
      -0.0029940119760479044,
      0.49644011976047897,
      0.03125748502994002,
      0.40037425149700845,
      0.001997005988023952,
      0.001907185628742515,
      0.0004011976047904192,
      -0.0029940119760479044,
      0.005988023952095809,
      -0.0029940119760479044,
      0.1,
      0.1,
      0.1,
      0.1,
      0.1,
      0.1,
      0.1,
      0.1,
      0.1,
      0.1,
      0.1,
      0.1,
      0.1,
      0.1,
      0.1,
      0.1,
      0.1,
      0.1,
      0.1,
      0.1,
      0.1,
      0.1,
      0.1,
      0.1,
      0.1,
      0.1,
      0.1,
      0.1,
      0.1,
      0.1,
      0.1,
      0.1,
      0.1,
      0.1,
      0.1,
      0.1,
      0.1,
      0.1,
      0.1,
      0.1,
      0.1,
      0.1,
      0.1,
      0.1,
      0.1,
      0.1,
      0.1,
      0.1,
      0.1,
      0.1,
      0.1,
      0.1,
      0.1,
      0.1,
      0.1,
      0.1,
      0.1,
      0.1,
      0.1,
      0.1,
      0.1,
      0.1,
      0.1,
      0.1,
      0.1,
      0.1,
      0.1,
      0.1,
      0.1,
      0.1,
      0.1,
      0.1,
      0.1,
      0.1,
      0.1,
      0.1,
      0.1,
      0.1,
      0.1,
      0.1,
      0.1,
      0.1,
      0.1,
      0.1,
      0.1,
      0.1,
      0.1,
      0.1,
      0.1,
      0.1,
      0.1,
      0.1,
      0.1,
      0.1,
      0.1,
      0.1,
      0.1,
      0.1,
      0.1,
      0.1,
      0.1,
      0.1,
      0.1,
      0.1,
      0.1,
      0.1,
      0.1,
      0.1,
      0.1,
      0.1,
      0.1,
      0.1,
      0.1,
      0.1,
      0.1,
      0.1,
      0.1,
      0.1,
      0.1,
      0.1,
      0.1,
      0.1,
      0.1,
      0.1
     ],
     "WHOLE_interval_between_layers": [
      0.1667853293413181,
      0.1402832335329348,
      0.12054461077844374,
      0.1,
      0.1,
      0.1,
      0.1,
      0.1,
      0.1,
      0.1,
      0.1,
      0.1
     ],
     "WHOLE_layer_offset": [
      0.35029580838323354
     ],
     "WHOLE_layer_sizes": [
      0.022197604790419163
     ],
     "WHOLE_number_of_layer": [
      0.9281437125748503
     ]
    },
    "Regular_door": {
     "number_of_door": [
      1.8181818181818181
     ],
     "position": [
      0.00019431818181818124,
      0.03514924242424241,
      -0.027320454545454505
     ],
     "rotation": [
      0.0,
      0.0,
      -0.6818181818181818
     ],