{
 "Standard_Base": {
  "size": [
   0.075,
   1.35,
   0.075
  ],
  "back_part_size": [
   0,
   0,
   0
  ],
  "back_part_offset": [
   0,
   0
  ],
  "has_back_part": [
   1
  ],
  "position": [
   0.0,
   0.2370666666666667,
   -0.0033333333333333335
  ],
  "rotation": [
   -0.013333333333333334,
   0.0,
   0.04
  ]
 },
 "Frame_Base": {
  "size": [
   0.075,
   1.17,
   0.75
  ],
  "inner_size": [
   0.0,
   0.0
  ],
  "inner_outer_offset": [
   0.0,
   0.0
  ],
  "position": [
   1,
   -1,
   -0.0027205026344564883
  ],
  "rotation": [
   -0.042105263157894736,
   -6.178947368421053,
   0.12631578947368421
  ]
 },
 "Parallel_Base": {
  "size": [
   0.075,
   1.17,
   0.75,
   0.2
  ],
  "sub_offset": [
   0.0
  ],
  "position": [
   1,
   -1,
   -0.0027205026344564883
  ],
  "rotation": [
   -0.042105263157894736,
   -6.178947368421053,
   0.12631578947368421
  ]
 },
 "Cuboidal_Plug": {
  "size": [
   0.1,
   0.075,
   0.05625
  ],
  "column_of_contact": [
   0
  ],
  "row_of_contact": [
   0
  ],
  "interval": [
   0.0,
   0.0
  ],
  "position": [
   -0.0003185512904088634,
   0.14213244527624333,
   0.058101566731409544
  ],
  "rotation": [
   -0.023529411764705882,
   -3.4529411764705884,
   68.8941176470588
  ]
 },
 "Cylindrical_Plug": {
  "size": [
   0.1,
   0.075,
   0.05625
  ],
  "column_of_contact": [
   0
  ],
  "row_of_contact": [
   0
  ],
  "interval": [
   0.0,
   0.0
  ],
  "position": [
   -0.0003185512904088634,
   0.14213244527624333,
   0.058101566731409544
  ],
  "rotation": [
   -0.023529411764705882,
   -3.4529411764705884,
   68.8941176470588
  ]
 },
 "FlipX_Switch": {
  "size": [
   0.21,
   0.1,
   0.1
  ],
  "number_of_switch": [
   0
  ],
  "switch_rotation": [
   0.0
  ],
  "separation": [
   0,
   0,
   0
  ],
  "position": [
   -0.0003185512904088634,
   0.14213244527624333,
   0.058101566731409544
  ],
  "rotation": [
   0.0,
   0.0,
   0.0
  ]
 },
 "FlipY_Switch": {
  "size": [
   0.21,
   0.1,
   0.1
  ],
  "number_of_switch": [
   0
  ],
  "switch_rotation": [
   0.0
  ],
  "separation": [
   0,
   0,
   0
  ],
  "position": [
   -0.0003185512904088634,
   0.14213244527624333,
   0.058101566731409544
  ],
  "rotation": [
   0.0,
   0.0,
   0.0
  ]
 },
 "Lever_Switch": {
  "switch_rotation": [
   0,
   0,
   0,
   0
  ],
  "base_size": [
   0.21,
   0.1,
   0.1
  ],
  "main_size": [
   0,
   0,
   0
  ],
  "number_of_switch": [
   3
  ],
  "inter_offset": [
   0,
   0,
   0
  ],
  "separation": [
   0,
   0,
   0
  ],
  "position": [
   -0.0003185512904088634,
   0.14213244527624333,
   0.058101566731409544
  ],
  "rotation": [
   0.0,
   0.0,
   0.0
  ]
 },
 "Round_Switch": {
  "number_of_switch": [
   2
  ],
  "size": [
   0.0,
   0.0
  ],
  "offset_1": [
   0,
   0,
   0
  ],
"offset_2": [
   0,
   0,
   0
  ],
  "offset_3": [
   0,
   0,
   0
  ],
  "offset_4": [
   0,
   0,
   0
  ],
  "offset_Z": [
   0,
   0,
   0
  ],
  "switch_rotation": [
   10,
   10,
   10,
   10
  ],
  "position": [
   -0.0003185512904088634,
   0.14213244527624333,
   0.058101566731409544
  ],
  "rotation": [
   0.0,
   0.0,
   0.0
  ]
 },
 "Standard_Knob": {
   "size": [
   0.0,
   0.0
  ],
  "position": [
   -0.0003185512904088634,
   0.14213244527624333,
   0.058101566731409544
  ],
  "rotation": [
   0.0,
   0.0,
   0.0
  ]
 }
}