{
 "Regular_desktop": {
  "size": [
   1.4061515151515158,
   0.06537474747474745,
   0.8467070707070705
  ],
  "position": [
   -0.0007444444444444445,
   0.18636929292929297,
   -0.017098989898989905
  ],
  "rotation": [
   0.0,
   0.0,
   0.0
  ]
 },
 "Regular_leg": {
  "front_legs_size": [
   0.11142391304347825,
   0.7031423913043477,
   0.178945652173913
  ],
  "rear_legs_size": [
   0.09381521739130433,
   0.7256641304347826,
   0.11196739130434785
  ],
  "number_of_legs": [
   3.608695652173913
  ],
  "legs_separation": [
   1.1809891304347824,
   1.0770000000000002,
   0.6658652173913044
  ],
  "central_rotation": [
   4.239130434782608
  ],
  "front_rotation": [
   -0.2608695652173913,
   -0.2608695652173913
  ],
  "rear_rotation": [
   0.21739130434782608,
   -0.21739130434782608
  ],
  "symmetry_mode": [
   0.9565217391304348
  ],
  "position": [
   -0.025815217391304345,
   0.13591369565217387,
   -0.0033097826086956523
  ],
  "rotation": [
   0.0,
   0.0,
   0.0
  ],
  "additional_legs_params": [
   0.6304347826086957,
   0.17728260869565213,
   0.6530434782608696,
   0.1241304347826086,
   -0.005434782608695654,
   -0.03978260869565218,
   0.03880434782608696,
   0.0,
   0.2826086956521739,
   0.0,
   0.15467391304347816,
   0.6795652173913045,
   0.123695652173913,
   0.011195652173913044,
   -0.011956521739130433,
   0.014782608695652177,
   -0.41304347826086957,
   0.0,
   0.0,
   0.09565217391304348,
   0.6804347826086957,
   0.15195652173913035,
   0.07445652173913044,
   -0.0225,
   -0.00956521739130435,
   0.0,
   0.0,
   -0.45652173913043476,
   0.09565217391304348,
   0.6806521739130434,
   0.15391304347826076,
   -0.08326086956521739,
   -0.0225,
   -0.009782608695652175,
   0.0,
   0.0,
   0.45652173913043476
  ]
 },
 "Regular_sublayer": {
  "subs_size": [
   0.8733229166666666,
   0.09793750000000001,
   0.5895208333333333
  ],
  "number_of_subs": [
   1.0416666666666667
  ],
  "subs_offset": [
   -0.44859374999999996
  ],
  "interval_between_subs": [
   0.11876666666666667
  ],
  "position": [
   0.029216666666666665,
   0.21110416666666665,
   -0.031922916666666676
  ],
  "rotation": [
   0.0,
   0.0,
   0.0
  ],
  "additional_sublayers_params": [
   1.5208333333333333,
   0.5048541666666667,
   0.11959375000000004,
   0.3937291666666667,
   0.0020833333333333307,
   -0.06170833333333334,
   -0.018229166666666668,
   0.0,
   0.0,
   -0.8125,
   0.46652083333333333,
   0.10268750000000006,
   0.4079166666666667,
   -0.03697916666666667,
   -0.04984375,
   -0.018058333333333332,
   0.0,
   0.0,
   0.8125,
   0.45322916666666657,
   0.1221875000000001,
   0.38947916666666677,
   0.0234375,
   -0.04489583333333333,
   0.000208333333333332,
   0.0,
   0.0,
   0.6041666666666666,
   0.4573958333333333,
   0.12031250000000009,
   0.3387500000000001,
   -0.030104166666666668,
   -0.03625,
   -0.042395833333333334,
   0.0,
   0.9375,
   0.0,
   0.1,
   0.1,
   0.1,
   0.1,
   0.1,
   0.1,
   0.1,
   0.1,
   0.1,
   0.1,
   0.1,
   0.1,
   0.1,
   0.1,
   0.1,
   0.1,
   0.1,
   0.1,
   0.1,
   0.1,
   0.1,
   0.1,
   0.1,
   0.1,
   0.1,
   0.1,
   0.1,
   0.1,
   0.1,
   0.1,
   0.1,
   0.1,
   0.1,
   0.1,
   0.1,
   0.1,
   0.1,
   0.1,
   0.1,
   0.1,
   0.1,
   0.1,
   0.1,
   0.1,
   0.1,
   0.1,
   0.1,
   0.1,
   0.1,
   0.1,
   0.1,
   0.1,
   0.1,
   0.1,
   0.1,
   0.1,
   0.1,
   0.1,
   0.1,
   0.1,
   0.1,
   0.1,
   0.1,
   0.1,
   0.1,
   0.1,
   0.1,
   0.1,
   0.1,
   0.1,
   0.1,
   0.1,
   0.1,
   0.1,
   0.1,
   0.1,
   0.1,
   0.1,
   0.1,
   0.1,
   0.1,
   0.1,
   0.1,
   0.1,
   0.1,
   0.1,
   0.1,
   0.1,
   0.1,
   0.1,
   0.1,
   0.1,
   0.1,
   0.1,
   0.1,
   0.1,
   0.1,
   0.1,
   0.1,
   0.1,
   0.1,
   0.1,
   0.1,
   0.1,
   0.1,
   0.1,
   0.1,
   0.1,
   0.1,
   0.1,
   0.1,
   0.1,
   0.1,
   0.1,
   0.1,
   0.1,
   0.1,
   0.1,
   0.1,
   0.1,
   0.1,
   0.1,
   0.1,
   0.1,
   0.1,
   0.1,
   0.1,
   0.1,
   0.1,
   0.1,
   0.1,
   0.1,
   0.1,
   0.1,
   0.1,
   0.1,
   0.1,
   0.1,
   0.1,
   0.1,
   0.1
  ]
 },
 "Regular_backboard": {
  "position": [
   -0.005033333333333329,
   0.21315185185185187,
   -0.34199999999999986
  ],
  "rotation": [
   0.0,
   0.0,
   0.0
  ],
  "size": [
   0.8434074074074077,
   0.25048148148148147,
   0.03781481481481482
  ]
 },
 "Bar_cuboid_leg": {
  "vertical_size": [
   0.6266666666666666,
   0.30086666666666667,
   0.4833333333333332
  ],
  "bottom_size": [
   1.0196666666666667,
   0.18161666666666665,
   0.8083333333333332
  ],
  "bottom_rotation": [
   0.0
  ],
  "horizontal_rotation": [
   0.0
  ],
  "position": [
   -0.012499999999999999,
   0.1385,
   -0.003133333333333333
  ],
  "rotation": [
   0.0,
   0.0,
   0.0
  ],
  "additional_legs_params": [
   0.3333333333333333,
   0.2783333333333333,
   0.64,
   0.09000000000000001,
   0.0,
   0.0,
   0.03166666666666667,
   0.0,
   0.0,
   0.0,
   0.2783333333333333,
   0.64,
   0.09000000000000001,
   0.0,
   0.0,
   -0.028333333333333335,
   0.0,
   0.0,
   0.0,
   0.09999999999999999,
   0.75,
   0.09999999999999999,
   0.0,
   0.0,
   0.0,
   0.0,
   0.0,
   0.0,
   0.09999999999999999,
   0.75,
   0.09999999999999999,
   0.0,
   0.0,
   0.0,
   0.0,
   0.0,
   0.0
  ]
 },
 "Regular_with_splat_leg": {
  "front_legs_size": [
   0.0751311111111111,
   0.856877777777778,
   0.07267333333333331
  ],
  "rear_legs_size": [
   0.07539777777777777,
   0.8557222222222224,
   0.07222888888888887
  ],
  "legs_separation": [
   1.1365466666666666,
   1.1374355555555555,
   0.6353155555555555
  ],
  "central_rotation": [
   0.0
  ],
  "front_rotation": [
   -1.5222222222222221,
   -0.8777777777777778
  ],
  "rear_rotation": [
   1.5277777777777777,
   -0.8722222222222222
  ],
  "position": [
   0.006182222222222223,
   0.20177677777777775,
   -0.04062
  ],
  "rotation": [
   0.0,
   4.0,
   0.0
  ],
  "front_rear_bridging_bars_sizes": [
   0.09773555555555555,
   0.05701333333333334
  ],
  "front_rear_bridging_bars_offset": [
   0.09529777777777779,
   0.0960088888888889
  ],
  "left_right_bridging_bars_sizes": [
   0.06248888888888888,
   0.17857555555555554
  ],
  "left_right_bridging_bars_offset": [
   0.17447333333333334,
   0.1738066666666667
  ],
  "bridging_bars_existance": [
   0.5777777777777777,
   0.5777777777777777,
   0.9111111111111111,
   0.9111111111111111
  ],
  "additional_legs_params": [
   0.35555555555555557,
   0.12333333333333335,
   0.6991111111111111,
   0.11866666666666667,
   0.05511111111111111,
   -0.026222222222222227,
   0.002222222222222222,
   0.0,
   0.0,
   0.0,
   0.12333333333333335,
   0.6991111111111111,
   0.11855555555555555,
   -0.05244444444444445,
   -0.026222222222222227,
   -0.008888888888888889,
   0.0,
   0.0,
   0.0,
   0.14044444444444446,
   0.7,
   0.10444444444444446,
   0.03222222222222222,
   -0.03377777777777778,
   0.004222222222222222,
   0.0,
   0.0,
   0.0,
   0.09888888888888892,
   0.7308888888888889,
   0.10511111111111113,
   -0.030444444444444448,
   -0.014444444444444446,
   0.00911111111111111,
   0.0,
   0.0,
   0.0
  ]
 },
 "Regular_drawer": {
  "number_of_drawer": [
   1
  ],
  "position": [
   -0.0034325000000000007,
   0.22476562500000002,
   -0.04614
  ],
  "rotation": [
   0.0,
   0.0,
   0.0
  ],