{
 "Cylindrical_Body": {
  "outer_size": [
   0.508446153846154,
   0.46775384615384613,
   1.3743846153846158
  ],
  "inner_size": [
   0.47364615384615394,
   0.4358000000000002,
   1.3057230769230772
  ],
  "position": [
   -0.0009584615384615381,
   -0.05043076923076924,
   -0.00046153846153846164
  ],
  "rotation": [
   0.0,
   0.0,
   0.0
  ]
 },
 "Cylindrical_Hollow_Cover": {
  "size": [
   0.5244230769230771,
   0.27230769230769236,
   0.06530769230769232
  ],
  "rotation": [
   0.0,
   0.0,
   0.0
  ],
  "position": [
   -0.0004615384615384614,
   0.6650192307692306,
   -0.00023076923076923063
  ]
 },
 "Cylindrical_Cover": {
  "size": [
   0.5333333333333333,
   0.08566666666666665
  ],
  "rotation": [
   -0.4,
   0.0,
   0.0
  ],
  "position": [
   -0.0029333333333333325,
   0.741,
   -0.0038666666666666667
  ]
 },
 "Prismatic_Body": {
  "top_size": [
   0.9469090909090913,
   0.8722727272727274
  ],
  "bottom_size": [
   0.8613636363636362,
   0.7857272727272726
  ],
  "height": [
   1.3559090909090907,
   1.3629090909090906
  ],
  "top_offset": [
   -0.0008181818181818183,
   -0.0007272727272727276
  ],
  "thickness": [
   0.035272727272727275,
   0.026727272727272718,
   0.03572727272727272
  ],
  "position": [
   0.00025454545454545456,
   -0.10546589013809324,
   0.005939592758556036
  ],
  "rotation": [
   -0.00363636363636341,
   0.0,
   0.0
  ]
 },
 "Cuboidal_Cover": {
  "top_size": [
   0.9462499999999999,
   0.8023214285714285
  ],
  "bottom_size": [
   0.9766071428571429,
   0.9075
  ],
  "height": [
   0.13982142857142857,
   0.16071428571428573
  ],
  "top_offset": [
   0.0,
   -0.014285714285714287
  ],
  "rotation": [
   -0.007142857142856737,
   0.0,
   0.0
  ],
  "position": [
   0.0004821428571428572,
   0.56116702452076,
   -0.4435536417423829
  ]
 },
 "Double_Layer_Cuboidal_Cover": {
  "top_size": [
   0.709736842105263,
   0.05105263157894738,
   0.7250000000000001
  ],
  "bottom_size": [
   0.9902631578947367,
   0.08578947368421053,
   0.9226315789473682
  ],
  "top_offset": [
   -0.00026315789473684215,
   -0.010263157894736842
  ],
  "rotation": [
   0.7368421052631579,
   0.0,
   0.0
  ],
  "position": [
   2.6315789473683822e-05,
   0.5693684210526316,
   -0.442578947368421
  ]
 },
 "Standard_Wheel": {
  "size": [
   0.12249999999999998,
   0.04925000000000001
  ],
  "seperation": [
   0.3915
  ],
  "position": [
   0.0001750000000000001,
   -0.7500499999999999,
   -0.22597499999999998
  ],
  "rotation": [
   0.0,
   0.0,
   0.0
  ]
 },
 "Holed_Cuboidal_Cover": {
  "outer_size": [
   0.8358333333333333,
   0.3,
   0.79
  ],
  "inner_size": [
   0.8141666666666666,
   0.26866666666666666,
   0.7275
  ],
  "front_behind_hole_size": [
   0.28416666666666673,
   0.16416666666666666
  ],
  "left_right_hole_size": [
   0.16583333333333333,
   0.1125
  ],
  "position": [
   0.003833333333333334,
   0.5253333333333333,
   0.0008333333333333327
  ],
  "rotation": [
   0.0,
   0.0,
   0.0
  ],
  "has_hole": [
   0.5,
   0.16666666666666666,
   0.16666666666666666,
   0.16666666666666666
  ]
 },
 "Cylindrical_Shell": {
  "outer_size": [
   0.5778,
   0.5316000000000001,
   1.4718
  ],
  "inner_size": [
   0.53868,
   0.49348
  ],
  "position": [
   6.0000000000000225e-05,
   -0.034440000000000005,
   -0.0029
  ],
  "rotation": [
   0.0,
   0.0,
   0.0
  ]
 },
 "Holed_Cylindrical_Cover": {
  "radius": [
   0.46208333333333335,
   0.4345833333333334
  ],
  "height": [
   0.10333333333333335,
   0.06258333333333334,
   0.3229166666666667
  ],
  "rotation": [
   0.0,
   4.75,
   0.0
  ],
  "exist_angle": [
   82.66666666666667
  ],
  "position": [
   -0.0005833333333333334,
   0.4995416666666667,
   -0.004791666666666667
  ],
  "num_sides": [
   2.8333333333333335
  ]
 },
 "Separated_Cylindrical_Body": {
  "outer_size": [
   0.455,
   0.455,
   1.51375
  ],
  "inner_size": [
   0.4175,
   0.4175,
   1.39875
  ],
  "clapboard_size": [
   0.02,
   1.5250000000000001,
   0.83875
  ],
  "rotation": [
   0.0,
   22.5,
   0.0
  ],
  "position": [
   -0.00875,
   -0.016,
   0.00075
  ]
 },
 "Cuboidal_Hollow_Cover": {
  "outer_size": [
   0.9,
   0.01,
   0.9
  ],
  "inner_size": [
   0.58,
   0.58
  ],
  "inner_offset": [
   0.0,
   0.0
  ],
  "rotation": [
   0.0,
   0.0,
   0.0
  ],
  "position": [
   -0.0218,
   0.6,
   0.012
  ]
 },
 "Cuboidal_Shell": {
  "outer_size": [
   0.9583333333333334,
   1.2483333333333333,
   0.9433333333333334
  ],
  "inner_size": [
   0.8733333333333334,
   0.8583333333333334
  ],
  "position": [
   -0.0019333333333333331,
   -0.05833333333333334,
   0.0023333333333333344
  ],
  "rotation": [
   0.0,
   0.0,
   0.0
  ]
 }
}