{
 "Regular_Connector": {
  "size": [
   0.33751470588235294,
   0.11053823529411766,
   0.32415279411764697
  ],
  "thickness": [
   0.009123529411764707
  ],
  "position": [
    0.0,
    0.0,
    0.0
  ],
  "rotation": [
    0.0,
    0.0,
    0.0
  ]
 },
 "Regular_Body": {
  "size": [
   0.38453255813953496,
   0.17243488372093022,
   0.8312837209302328
  ],
  "has_back_part": [
   0.5348837209302325
  ],
  "has_side_part": [
   0.4186046511627907
  ],
  "position": [
    0.0,
    0.0,
    0.0
  ],
  "rotation": [
    0.0,
    0.0,
    0.0
  ]
 },
 "SquareEnded_Cap": {
  "size": [
   0.3833333333333333,
   0.015166666666666669,
   0.9021666666666666
  ],
  "proximal_interval": [
   0.1416666666666667
  ],
  "inclination": [
   0.0
  ],
  "has_shaft": [
   0.5
  ],
  "shaft_size": [
   0.06666666666666667,
   0.06999999999999999
  ],
  "shaft_offset": [
   -0.08
  ],
  "cap_rotation": [
   90.0
  ],
  "position": [
    0.0,
    0.0,
    0.0
  ],
  "rotation": [
    0.0,
    0.0,
    0.0
  ],
  "shaft_interval": 0.13366666666666668
 },
 "Regular_Cap": {
  "size": [
   0.44838333333333336,
   0.20291666666666672,
   0.44567000000000007
  ],
  "inner_size": [
   0.32243333333333335,
   0.13523333333333332,
   0.30225
  ],
  "inner_outer_offset": [
   -3.3333333333333335e-05,
   -3.3333333333333335e-05
  ],
  "position": [
    0.0,
    0.0,
    0.0
  ],
  "rotation": [
    0.0,
    0.0,
    0.0
  ]
 },
 "RoundEnded_Cap": {
  "size": [
   0.4076315789473684,
   0.014289473684210527,
   0.9781052631578945
  ],
  "proximal_interval": [
   0.18131578947368424
  ],
  "inclination": [
   0.10526315789473684
  ],
  "has_shaft": [
   0.8421052631578947
  ],
  "shaft_size": [
   0.1352631578947369,
   0.03605263157894737
  ],
  "shaft_offset": [
   -0.19736842105263158
  ],
  "cap_rotation": [
   18.157894736842106
  ],
  "position": [
    0.0,
    0.0,
    0.0
  ],
  "rotation": [
   0.0,
   0.0,
   0.0
  ],
  "shaft_interval": 0.16861578947368422
 },
 "RoundEnded_Body": {
  "size": [
   0.5835733333333334,
   0.20567333333333335,
   0.8981999999999998
  ],
  "position": [
    0.0,
    0.0,
    0.0
  ],
  "rotation": [
    0.0,
    0.0,
    0.0
  ]
 },
 "Simplied_Connector": {
  "size": [
   0.22050000000000003,
   0.07832222222222224,
   0.21261111111111114
  ],
  "position": [
    0.0,
    0.0,
    0.0
  ],
  "rotation": [
    0.0,
    0.0,
    0.0
  ]
 }
}