{
 "Front_Facing_Roller_Body": {
  "outer_size": [
   1.0338333333333332,
   1.3383333333333332,
   1.0283333333333335
  ],
  "inner_size": [
   0.35475000000000007,
   0.6984166666666667
  ],
  "inner_offset": [
   -0.0025,
   0.05016666666666667
  ],
  "position": [
   -0.000933333333333333,
   -0.02291666666666667,
   -0.03233333333333333
  ],
  "rotation": [
   0.0,
   -0.2708333333333333,
   0.0
  ]
 },
 "Roller_Door": {
  "circle_size": [
   0.38975,
   0.29583333333333334,
   0.04766666666666667
  ],
  "middle_size": [
   0.19666666666666668,
   0.011000000000000001
  ],
  "middle_offset": [
   -0.004583333333333333,
   -0.10999999999999999
  ],
  "rotation": [
   0.0,
   -15.270833333333334,
   0.0
  ],
  "position": [
   -0.3965554262803417,
   0.030416666666666665,
   0.4802813837548954
  ]
 },
 "Controller_With_Button": {
  "bottom_size": [
   1.0011176470588237,
   0.2047058823529412,
   0.01976470588235294,
   0.06
  ],
  "button_1_size": [
   0.049117647058823544,
   0.05,
   0.02558823529411765
  ],
  "button_1_offset": [
   -0.04176470588235294,
   -0.0035294117647058816
  ],
  "button_2_size": [
   0.03970588235294118,
   0.04088235294117649,
   0.03676470588235295
  ],
  "button_2_offset": [
   -0.07,
   0.0061764705882352946
  ],
  "button_3_size": [
   0.04205882352941178,
   0.04264705882352943,
   0.038529411764705895
  ],
  "button_3_offset": [
   0.013235294117647066,
   0.007352941176470588
  ],
  "button_4_size": [
   0.041470588235294134,
   0.04205882352941178,
   0.04029411764705884
  ],
  "button_4_offset": [
   0.014705882352941176,
   -0.0014705882352941176
  ],
  "button_5_size": [
   0.04882352941176472,
   0.04882352941176472,
   0.04558823529411766
  ],
  "button_5_offset": [
   0.02323529411764706,
   -0.002058823529411765
  ],
  "button_6_size": [
   0.04882352941176472,
   0.04882352941176472,
   0.04558823529411766
  ],
  "button_6_offset": [
   0.041176470588235294,
   0.0002941176470588234
  ],
  "button_7_size": [
   0.05294117647058825,
   0.05294117647058825,
   0.04647058823529413
  ],
  "button_7_offset": [
   0.005882352941176472,
   0.0
  ],
  "button_8_size": [
   0.051176470588235316,
   0.051176470588235316,
   0.04823529411764708
  ],
  "button_8_offset": [
   0.0,
   0.0011764705882352942
  ],
  "position": [
   -0.002456688087724832,
   0.5800794117647059,
   0.21037949230608188
  ],
  "rotation": [
   0.0,
   -0.19117647058823528,
   0.0
  ],
  "num_buttons": [
   2.823529411764706
  ]
 },
 "Cuboidal_Body": {
  "outer_size": [
   0.9306666666666666,
   1.2466666666666668,
   0.9116666666666666
  ],
  "thickness": [
   0.034333333333333334,
   0.02766666666666667,
   0.021
  ],
  "position": [
   0.007466666666666666,
   -0.05216666666666667,
   0.022000000000000002
  ],
  "rotation": [
   0.0,
   0.0,
   0.0
  ]
 },
 "Cuboidal_Door": {
  "size": [
   0.8039999999999999,
   0.018,
   0.765
  ],
  "rotation": [
   -7.8,
   0.0,
   9.0
  ],
  "position": [
   -0.017758059222874413,
   0.6323445622848667,
   0.03534302788013341
  ]
 },
 "Upright_Roller_Body": {
  "outer_size": [
   0.931,
   1.24235,
   0.9359999999999999
  ],
  "inner_size": [
   0.1825,
   0.6575
  ],
  "inner_offset": [
   -0.035,
   0.02
  ],
  "position": [
   -0.002999999999999999,
   -0.0985,
   0.006500000000000001
  ],
  "rotation": [
   0.0,
   0.0,
   0.0
  ]
 }
}