{
 "Standard_Windowframe": {
  "size": [
   0.075,
   1.35,
   0.075
  ],
  "inner_size": [
   0.0,
   0.0
  ],
  "inner_outer_offset": [
   0,
   0
  ],
  "position": [
   0.0,
   0.2370666666666667,
   -0.0033333333333333335
  ],
  "rotation": [
   -0.013333333333333334,
   0.0,
   0.04
  ]
 },
 "Symmetrical_Window": {
  "number_of_window":[1],
  "symmetryOrNot": [1],
  "size_0": [
   0.075,
   1.17
  ],
  "size_1": [
   0.075,
   1.17
  ],
  "size_2": [
   0.075,
   1.17
  ],
  "glass_size_0": [
   0.075,
   1.17,
   0.75
  ],
   "glass_size_1": [
   0.075,
   1.17,
   0.75
  ],
   "glass_size_2": [
   0.075,
   1.17,
   0.75
  ],
  "glass_offset_0": [
   0,
   0,
   0
  ],
   "glass_offset_1": [
   0,
   0,
   0
  ],
   "glass_offset_2": [
   0,
   0,
   0
  ],
  "offset_x": [
   0.0,
   0.0,
   0.0,
     0.0,
     0.0,
     0.0
  ],
   "offset_z": [0],
  "outside_frame_inner_size": [
   0.0,
   0.0
  ],
 "outside_frame_inner_outer_offset": [0,0],
  "position": [
   1,
   -1,
   -0.0027205026344564883
  ],
  "rotation": [
   -0.042105263157894736,
   -6.178947368421053,
   0.12631578947368421
  ]
 },
 "Asymmetrical_Window": {
   "number_of_window":[1],
  "size_0": [
   0.075,
   0.75
  ],
  "size_1": [
   0.075,
   1.17
  ],
  "size_2": [
   0.075,
   0.75
  ],
  "size_3": [
   0.075,
   0.75
  ],
  "glass_size_0": [
   0.075,
   1.17,
   0.75
  ],
   "glass_size_1": [
   0.075,
   1.17,
   0.75
  ],
   "glass_size_2": [
   0.075,
   1.17,
   0.75
  ],
  "glass_size_3": [
   0.075,
   1.17,
   0.75
  ],
  "glass_offset_0": [
   0,
   0,
   0
  ],
   "glass_offset_1": [
   0,
   0,
   0
  ],
   "glass_offset_2": [
   0,
   0,
   0
  ],
  "glass_offset_3": [
   0,
   0,
   0
  ],
    "offset_x": [
   0.0,
   0.0,
   0.0,
     0.0,
     0.0,
     0.0
  ],
   "offset_z": [0.0],
  "outside_frame_inner_size": [
   0.0,
   0.0
  ],
"outside_frame_inner_outer_offset": [0,0],
  "position": [
   1,
   -1,
   -0.0027205026344564883
  ],
  "rotation": [
   -0.042105263157894736,
   -6.178947368421053,
   0.12631578947368421
  ]
 },
 "VerticalSlid_Window": {
 "number_of_window":[1],
  "size_0": [
   0.075,
   0.75
  ],
  "size_1": [
   0.075,
   0.75
  ],
  "glass_size_0": [
   0.075,
   1.17,
   0.75
  ],
   "glass_size_1": [
   0.075,
   1.17,
   0.75
  ],
  "glass_offset_0": [
   0,
   0,
   0
  ],
   "glass_offset_1": [
   0,
   0,
   0
  ],

    "offset_y": [
   0.0,
   0.0
  ],
   "offset_z": [0],
  "outside_frame_inner_size": [
   0.0,
   0.0
  ],
"outside_frame_inner_outer_offset": [0,0],
  "position": [
   1,
   -1,
   -0.0027205026344564883
  ],
  "rotation": [
   -0.042105263157894736,
   -6.178947368421053,
   0.12631578947368421
  ]
 },
 "Cuboidal_Handle": {
  "num_of_handle": [
   1,
   1
  ],
  "size": [
   0.0,
   0.0,
   0.0
  ],
  "offset_x": [
   0.0,
   0.0,
   0.0,
   0.0
  ],
  "window_type": [0],
  "windows_size": [0.0,0.0,0.0],
  "handle_z_position": [
   0,
   0.14213244527624333,
   0.058101566731409544,
   0
  ],
  "position": [
   -0.0003185512904088634,
   0.14213244527624333,
   0.058101566731409544
  ],
  "rotation": [
   -0.023529411764705882,
   -3.4529411764705884,
   68.8941176470588
  ]
 },
 "Arched_Handle": {
   "num_of_handle": [
   1,
  1
  ],
  "outer_size": [
   0.0,
   0.0,
   0.0
  ],
   "bottom_size": [
   0.0,
   0.0,
   0.0
  ],
  "offset_x": [
   0.0,
   0.0,
   0.0,
   0.0
  ],
  "seperation": [0.0],
  "thinner_handle": [0],
  "window_type": [0],
  "windows_size": [0.0,0.0,0.0],
  "handle_z_position": [
   -0.0003185512904088634,
   0.14213244527624333,
   0.058101566731409544
  ],
  "position": [
   -0.0003185512904088634,
   0.14213244527624333,
   0.058101566731409544
  ],
  "rotation": [
   0.0,
   0.0,
   0.0
  ]
 },
 "LShaped_Handle": {
   "num_of_handle": [
   1,
   1
  ],
  "window_type": [0],
  "size_bottom": [
   0.0,
   0.0,
   0.0
  ],
  "size_middle": [
   0.0,
   0.0,
   0.0
  ],
  "size_top": [
   0.0,
   0.0,
   0.0
  ],
  "offset_x": [
   0.0,
   0.0,
   0.0,
   0.0
  ],
  "offset_middle_y": [
   0.0
  ],
  "offset_top_y": [
   0.0
  ],
  "handle_z_position": [
   0
  ],
  "position": [
   -0.0003185512904088634,
   0.14213244527624333,
   0.058101566731409544
  ],
  "rotation": [
   0.0,
   0.0,
   0.0
  ]
 }
}