{
 "Cuboidal_Body": {
  "size": [
   1.0405882352941176,
   1.3167647058823528,
   1.045
  ],
  "thickness": [
   0.05794117647058823,
   0.06794117647058824,
   0.059705882352941185,
   0.05941176470588234,
   0.04205882352941177
  ],
  "position": [
   -0.007058823529411765,
   -0.0005882352941176469,
   -0.019176470588235295
  ],
  "rotation": [
   0.0,
   0.0,
   0.0
  ]
 },
 "Cuboidal_Door": {
  "size": [
   0.9162499999999999,
   1.2245833333333336,
   0.08333333333333336
  ],
  "rotation": [
   0.0,
   3.75,
   0.0
  ],
  "position": [
   0.004519029611437188,
   0.006666666666666665,
   0.4413559703885628
  ]
 },
 "Cylindrical_Connecter": {
  "size": [
   0.02090909090909091,
   0.3627272727272727
  ],
  "position": [
   -0.16886363636363638,
   0.007090909090909091,
   0.4918181818181818
  ],
  "rotation": [
   0.0,
   0.0,
   0.0
  ]
 },
 "Claw_Handle": {
  "bottom_size": [
   0.052727272727272734,
   0.06227272727272728
  ],
  "fork_size": [
   0.11954545454545457,
   0.03409090909090909,
   0.02909090909090909
  ],
  "fork_offset": [
   0.005454545454545455
  ],
  "fork_tilt_rotation": [
   7.636363636363637
  ],
  "position": [
   0.003173246901869088,
   -2.2078298785159363e-18,
   0.5376044539140336
  ],
  "rotation": [
   0.0,
   10.0,
   103.9090909090909
  ],
  "num_forks": [
   3.272727272727273
  ]
 },
 "Cylindrical_Dial": {
  "bottom_size": [
   0.09083333333333334,
   0.07041666666666667,
   0.02833333333333334
  ],
  "top_size": [
   0.040833333333333326,
   0.05208333333333334
  ],
  "position": [
   0.08643914537389173,
   0.12625,
   0.5202209883131897
  ],
  "rotation": [
   0.0,
   0.5,
   0.0
  ]
 },
 "Cuboidal_Leg": {
  "front_legs_size": [
   0.119,
   0.081,
   0.094
  ],
  "rear_legs_size": [
   0.121,
   0.08499999999999999,
   0.1
  ],
  "legs_separation": [
   0.8470000000000001,
   0.843,
   0.8140000000000001
  ],
  "position": [
   0.008,
   -0.6556,
   -0.002400000000000002
  ],
  "rotation": [
   0.0,
   0.0,
   0.0
  ],
  "num_legs": [
   4.0
  ]
 },
 "T_Shaped_Connecter": {
  "cylinder_size": [
   0.02833333333333334,
   0.17625
  ],
  "position": [
   0.36733333333333335,
   0.00783333333333334,
   0.4338333333333333
  ],
  "rotation": [
   0.0,
   200.83333333333334,
   0.0
  ],
  "lateral_cuboid_size": [
   0.09083333333333332,
   0.08833333333333333,
   0.04083333333333333
  ],
  "lateral_cuboid_offset": [
   0.03875000000000001
  ]
 },
 "Round_Handle": {
  "bottom_size": [
   0.026,
   0.09166666666666667
  ],
  "fork_size": [
   0.03666666666666667,
   0.04,
   0.03
  ],
  "fork_offset": [
   0.0016666666666666668
  ],
  "fork_tilt_rotation": [
   0.0
  ],
  "circle_size": [
   0.09166666666666667,
   0.03
  ],
  "position": [
   -0.18500000000000003,
   -0.105,
   0.48249999999999993
  ],
  "rotation": [
   0.0,
   0.0,
   87.0
  ],
  "num_forks": [
   3.0
  ]
 },
 "Mutiple_Layer_Body": {
  "size": [
   1.127,
   1.02,
   0.893
  ],
  "main_clapboard_size": [
   0.030000000000000006,
   0.596
  ],
  "main_clapboard_offset": [
   0.13399999999999998
  ],
  "sub_clapboard_1_size": [
   0.386,
   0.077,
   0.43999999999999995
  ],
  "sub_clapboard_1_offset": [
   0.048,
   -0.014999999999999996
  ],
  "sub_clapboard_2_size": [
   0.25,
   0.146,
   0.43999999999999995
  ],
  "sub_clapboard_2_offset": [
   -0.002,
   0.11299999999999999
  ],
  "sub_clapboard_3_size": [
   0.325,
   0.195,
   0.40499999999999997
  ],
  "sub_clapboard_3_offset": [
   0.028999999999999998,
   0.01
  ],
  "sub_clapboard_4_size": [
   0.4,
   0.1,
   0.4
  ],
  "sub_clapboard_4_offset": [
   0.0,
   0.0
  ],
  "sub_clapboard_5_size": [
   0.4,
   0.1,
   0.4
  ],
  "sub_clapboard_5_offset": [
   0.0,
   0.0
  ],
  "sub_clapboard_6_size": [
   0.4,
   0.1,
   0.4
  ],
  "sub_clapboard_6_offset": [
   0.0,
   0.0
  ],
  "sub_clapboard_7_size": [
   0.4,
   0.1,
   0.4
  ],
  "sub_clapboard_7_offset": [
   0.0,
   0.0
  ],
  "sub_clapboard_8_size": [
   0.4,
   0.1,
   0.4
  ],
  "sub_clapboard_8_offset": [
   0.0,
   0.0
  ],
  "sub_clapboard_9_size": [
   0.4,
   0.1,
   0.4
  ],
  "sub_clapboard_9_offset": [
   0.0,
   0.0
  ],
  "sub_clapboard_10_size": [
   0.4,
   0.1,
   0.4
  ],
  "sub_clapboard_10_offset": [
   0.0,
   0.0
  ],
  "thickness": [
   0.072,
   0.072,
   0.072,
   0.079,
   0.098
  ],
  "position": [
   -0.012,
   -0.008000000000000002,
   -0.096
  ],
  "rotation": [
   0.0,
   0.0,
   0.0
  ],
  "num_of_sub_clapboards": [
   1.0
  ]
 },
 "Behind_Double_Layer_Door": {
  "rotation": [
   0.0,
   16.666666666666668,
   0.0
  ],
  "behind_size": [
   0.6783333333333332,
   0.7083333333333334,
   0.09166666666666667
  ],
  "behind_offset": [
   -0.06166666666666667,
   -0.005
  ],
  "position": [
   0.03820637765519453,
   0.008333333333333333,
   0.5421901380579391
  ],
  "main_size": [
   0.9583333333333334,
   0.9583333333333334,
   0.05350000000000001
  ]
 },
 "Regular_Controller": {
  "size": [
   0.4591666666666667,
   0.2991666666666667,
   0.03333333333333334
  ],
  "position": [
   0.0029981379991853075,
   0.03833333333333334,
   0.5624899557940602
  ],
  "rotation": [
   0.0,
   8.333333333333334,
   0.0
  ]
 },
 "Front_Double_Layer_Door": {
  "rotation": [
   0.0,
   0.0,
   0.0
  ],
  "front_size": [
   0.875,
   1.0825,
   0.05
  ],
  "front_offset": [
   0.0025,
   0.0
  ],
  "position": [
   -0.032499999999999946,
   0.0,
   0.5725
  ],
  "main_size": [
   1.09,
   1.3199999999999998,
   0.01
  ]
 },
 "Trifold_Handle": {
  "bottom_size": [
   0.036250000000000004,
   0.053750000000000006,
   0.034999999999999996
  ],
  "bottom_seperation": [
   0.22125
  ],
  "top_size": [
   0.052500000000000005,
   0.30625,
   0.0425
  ],
  "position": [
   -0.19937500000000002,
   0.020000000000000004,
   0.60875
  ],
  "rotation": [
   0.0,
   0.0,
   0.0
  ]
 },
 "Sunken_Door": {
  "size": [
   1.19,
   1.0175,
   0.11
  ],
  "rotation": [
   0.0,
   15.0,
   0.0
  ],
  "sunken_size": [
   0.905,
   0.7075,
   0.0375
  ],
  "sunken_offset": [
   0.0,
   0.0
  ],
  "position": [
   0.029187569393051678,
   -0.01,
   0.483
  ]
 }
}