{
 "Round_Shaft": {
  "size": [
   0.10500000000000002,
   0.09000000000000001
  ],
  "central_shaft_size": [
   0.05083333333333332,
   0.10333333333333332
  ],
  "central_shaft_offset": [
   0.0,
   0.0,
   0.0008333333333333334
  ],
  "position": [
   -0.0025,
   0.0,
   0.45583333333333337
  ],
  "rotation": [
   0.0,
   0.0,
   0.0
  ],
  "has_central_shaft": [
   0.08333333333333333
  ]
 },
 "Middle_Curved_Handle": {
  "front_size": [
   0.10700000000000001,
   0.10500000000000001,
   0.364
  ],
  "middle_size": [
   1.283,
   1.176,
   0.121
  ],
  "behind_size": [
   0.1,
   0.12,
   0.242
  ],
  "handle_separation": [
   0.13199999999999998
  ],
  "rotation": [
   0.0,
   0.0,
   0.0
  ],
  "front_middle_offset": [
   -0.015999999999999997,
   0.0
  ],
  "middle_behind_offset": [
   0.003,
   0.0
  ],
  "left_right_offset": [
   0.0
  ],
  "handle_rotation": [
   7.8,
   25.4,
   4.8
  ],
  "exist_angle": [
   38.8
  ],
  "position": [
   -0.0032,
   0.002,
   0.4484
  ]
 },
 "Cusp_Gripper": {
  "behind_size": [
   0.10727272727272728,
   0.10545454545454547,
   0.08272727272727275,
   0.15909090909090912
  ],
  "front_size": [
   0.10545454545454547,
   0.020000000000000004,
   0.07454545454545457,
   0.3609090909090909
  ],
  "gripper_separation": [
   0.004545454545454546
  ],
  "rotation": [
   0.0,
   0.0,
   0.0
  ],
  "gripper_rotation": [
   2.6363636363636362
  ],
  "position": [
   -0.001818181818181818,
   0.0,
   0.47818181818181826
  ]
 },
 "Rectangular_Baffle": {
  "size": [
   0.25312500000000004,
   0.18375,
   0.030000000000000002
  ],
  "baffle_separation": [
   0.3175
  ],
  "rotation": [
   0.0,
   0.0,
   0.0
  ],
  "baffle_rotation": [
   -3.5
  ],
  "position": [
   -0.003875,
   -0.00025,
   0.14075
  ]
 },
 "Curved_Gripper": {
  "radius": [
   0.135625,
   0.36
  ],
  "gripper_separation": [
   0.014375
  ],
  "rotation": [
   0.0,
   0.5250000000000004,
   0.0
  ],
  "thickness": [
   0.07250000000000001
  ],
  "gripper_rotation": [
   0.0
  ],
  "position": [
   -0.0016204440805870808,
   0.0011250000000000001,
   0.5919744594636966
  ]
 },
 "Rectangular_Shaft": {
  "layer_1_size": [
   0.2521428571428571,
   0.04,
   0.28928571428571426
  ],
  "layer_2_size": [
   0.2521428571428571,
   0.04071428571428572,
   0.3092857142857143
  ],
  "layer_2_offset": [
   -0.03428571428571429,
   0.012142857142857141
  ],
  "layer_3_size": [
   0.18857142857142856,
   0.08714285714285715,
   0.22357142857142853
  ],
  "layer_3_offset": [
   0.0,
   -0.0014285714285714286
  ],
  "rotation": [
   0.0,
   0.7428571428571429,
   0.0
  ],
  "central_shaft_size": [
   0.05285714285714286,
   0.1142857142857143
  ],
  "central_shaft_offset": [
   -0.008571428571428572,
   0.0,
   0.012857142857142859
  ],
  "layer_rotation": [
   50.285714285714285,
   45.142857142857146,
   3.7142857142857144
  ],
  "position": [
   0.025593205129312957,
   -0.00014285714285714287,
   0.4715445966721535
  ],
  "num_layers": [
   2.142857142857143
  ],
  "has_central_shaft": [
   0.5714285714285714
  ]
 },
 "Straight_Handle": {
  "front_size": [
   0.095,
   0.0625,
   0.39249999999999996
  ],
  "behind_size": [
   0.08,
   0.0825,
   0.9525
  ],
  "handle_separation": [
   0.14250000000000002
  ],
  "rotation": [
   0.0,
   0.0,
   0.0
  ],
  "front_behind_offset": [
   0.0024999999999999996,
   0.0
  ],
  "left_right_offset": [
   0.0
  ],
  "handle_rotation": [
   4.0,
   2.0
  ],
  "position": [
   -0.006999999999999999,
   -0.001,
   0.41550000000000004
  ]
 },
 "Rear_Curved_Handle": {
  "front_size": [
   0.1011111111111111,
   0.08444444444444445,
   0.2888888888888889
  ],
  "behind_size": [
   1.3333333333333333,
   1.22,
   0.09888888888888889
  ],
  "handle_separation": [
   0.08222222222222224
  ],
  "rotation": [
   0.0,
   0.2666666666666667,
   0.0
  ],
  "front_behind_offset": [
   -0.018888888888888886,
   0.0
  ],
  "left_right_offset": [
   0.0044444444444444444
  ],
  "handle_rotation": [
   14.444444444444445,
   31.444444444444443
  ],
  "exist_angle": [
   44.888888888888886
  ],
  "position": [
   0.0023030351211508517,
   -0.0022222222222222222,
   0.38815945201673485
  ]
 },
 "Curved_Baffle": {
  "radius": [
   0.17,
   0.155
  ],
  "height": [
   0.16999999999999998
  ],
  "seperation_rotation": [
   0.0
  ],
  "exist_angle": [
   60.0
  ],
  "position": [
   0.000820303082577577,
   0.0,
   0.3849985682995808
  ],
  "rotation": [
   0.0,
   0.1,
   0.0
  ]
 },
 "Asymmetric_Straight_Handle": {
  "left_front_size": [
   0.11499999999999999,
   0.065,
   0.3866666666666667
  ],
  "left_behind_size": [
   0.12,
   0.10833333333333334,
   0.8949999999999999
  ],
  "left_front_behind_offset": [
   0.005,
   0.0
  ],
  "right_front_size": [
   0.11333333333333333,
   0.07,
   0.3466666666666667
  ],
  "right_behind_size": [
   0.12,
   0.10833333333333334,
   0.9499999999999998
  ],
  "right_front_behind_offset": [
   0.008333333333333333,
   0.0
  ],
  "handle_separation": [
   0.17500000000000002
  ],
  "left_right_offset": [
   0.011666666666666667
  ],
  "left_handle_rotation": [
   6.0,
   -3.3333333333333335
  ],
  "right_handle_rotation": [
   15.666666666666666,
   -1.3333333333333333
  ],
  "position": [
   -0.01785618980293182,
   -0.004666666666666666,
   0.4237772028978854
  ],
  "rotation": [
   0.0,
   0.9333333333333332,
   0.0
  ]
 }
}