{
 "Standard_Body": {
  "base_size": [
   0.075,
   1.35,
   0.075
  ],
  "beside_size": [
   0.0,
   0.0,
   0.0
  ],
  "beside_seperation": [
   0.0
  ],
  "beside_offset_z": [0.0],
  "has_shaft": [1],
  "shaft_central_size": [0.0,
  0.0],
  "shaft_beside_size": [0.0,0.0],
  "shaft_offset": [0.0,0.0],
  "position": [
   0.0,
   0.2370666666666667,
   -0.0033333333333333335
  ],
  "rotation": [
   -0.013333333333333334,
   0.0,
   0.04
  ]
 },
 "Simplified_Cover": {

  "size": [
   0.075,
   1.17,
   0.0
  ],
  "position": [
   1,
   -1,
   -0.0027205026344564883
  ],
  "rotation": [
   -0.042105263157894736,
   -6.178947368421053,
   0.12631578947368421
  ]
 },
 "Carved_Cover": {
  "outer_size": [
   0.075,
   0.75,
   0.0
  ],
  "inner_size": [
   0.075,
   1.17,
   0.0
  ],
  "position": [
   1,
   -1,
   -0.0027205026344564883
  ],
  "rotation": [
   -0.042105263157894736,
   -6.178947368421053,
   0.12631578947368421
  ]
 },
 "Carved_Magazine": {
  "outer_size": [
   0.075,
   0.75,
   0.0
  ],
  "inner_size": [
   0.075,
   1.17,
   0.75
  ],
  "position": [
   1,
   -1,
   -0.0027205026344564883
  ],
  "rotation": [
   -0.042105263157894736,
   -6.178947368421053,
   0.12631578947368421
  ]
 },
 "Complex_Magazine": {
  "size": [
   0.075,
   0.75,
   0.0
  ],
  "thickness": [0.0],
  "front_height": [0.0],
  "beside_length": [0.0],
  "beside_offset": [0.0],
  "position": [
   1,
   -1,
   -0.0027205026344564883
  ],
  "rotation": [
   -0.042105263157894736,
   -6.178947368421053,
   0.12631578947368421
  ]
 }
}